Job_ID,Batch_Quantity,Scenario,S1_Wait_Min,S1_Service_Min,S2_Wait_Min,S2_Service_Min,S3_Wait_Min,S3_Service_Min,S4_Wait_Min,S4_Service_Min,Total_Wait_Min,Total_Service_Min,Total_Flow_Min,Scrap_Pct
1,8542.0,Baseline,0.0,87.70726087859859,0.0,74.41487377413041,0.0,91.45469461450396,0.0,17.684084071297537,0.0,271.26091333853054,271.26091333853054,1.42
2,3210.0,Baseline,63.70726087859859,37.188891464907144,37.22598230922328,27.93281245567578,63.52188215882819,42.91795991192458,0.0,11.236140374535562,164.45512534665005,119.27580420704307,283.73092955369316,2.15
3,6400.0,Baseline,73.89615234350573,62.44101859674081,2.7177761681582524,54.843178647753,51.59666342299977,74.68841894301976,0.0,20.890951491445243,128.21059193466374,212.8635676789588,341.0741596136226,0.88
4,9120.0,Baseline,109.33717094024655,94.29009748678193,0.0,78.95211429585257,10.603825399296284,99.44721208223575,0.0,26.060217734333932,119.94099633954283,298.7496415992042,418.69063793874705,3.1
5,4500.0,Baseline,186.62726842702847,46.59765790059819,32.354456395254374,37.625326730868444,72.4257107506636,52.32411323336443,0.0,15.27646820543086,291.40743557294644,151.82356607026193,443.2310016432084,1.75
6,2800.0,Baseline,216.2249263276267,28.190398130163707,41.7893849959591,24.892946761250666,99.85687722277737,32.471210596558585,0.0,10.099653317011786,357.87118854636316,95.65420880498473,453.5253973513478,1.2
7,7300.0,Baseline,221.4153244577904,74.5844941527125,0.0,65.59167274488716,58.83425267894603,85.31225771515363,0.0,19.952049569692054,280.24957713673643,245.44047418244537,525.6900513191817,2.45
8,5100.0,Baseline,272.99981861050287,55.42746308224678,10.16420966264036,47.43542766262826,96.71108273147149,57.40687124784624,0.0,16.252630202655713,379.8751110046147,176.522392195377,556.3975031999917,0.95
9,3900.0,Baseline,304.42728169274966,44.748867924614736,12.850769400653803,32.22618498563737,121.89176899368033,43.32955809187117,0.0,13.607544569143796,439.1698200870838,133.91215557126705,573.0819756583509,1.8
10,8800.0,Baseline,322.17614961736444,84.92027314799451,0.0,78.60731299428389,46.770695329564205,96.52326947711835,0.0,24.258809828346386,368.94684494692865,284.3096654477431,653.2565103946717,2.9
11,6100.0,Baseline,381.09642276535897,65.26089577043203,13.346417223851859,52.01118720785731,91.28277759882519,64.94405144277144,0.0,16.529428861135692,485.725617588036,198.74556328219649,684.4711808702325,1.35
12,4200.0,Baseline,423.357318535791,43.9275765075168,21.43002792419236,37.59518794477527,118.63164109682134,45.69565366641135,0.0,12.804524714632008,563.4189875568047,140.02294283333543,703.4419303901401,2.05
13,7600.0,Baseline,440.28489504330787,80.43249327092899,0.0,68.20722866502337,74.71278869624791,81.10020791598255,0.0,19.003675559968222,514.9976837395558,248.74360541190313,763.7412891514591,1.15
14,2400.0,Baseline,495.7173883142368,24.755663697179177,43.451564967844206,20.687470432713827,135.12552617951678,25.944417873071597,0.0,9.92788037196265,674.2944794615978,81.31543237492724,755.609911836525,0.7
15,9500.0,Baseline,494.47305201141603,93.29693724539032,0.0,86.89644251596549,45.0155996917905,101.01898812996065,0.0,25.94319700169479,539.4886517032065,307.1555648930112,846.644216596218,3.3
16,3100.0,Baseline,561.7699892568064,34.37370231598843,52.52274019997708,27.04547128240393,118.98911653934715,32.50102993898259,0.0,12.197582381669408,733.2818459961306,106.11778591904437,839.3996319151752,1.1
17,5800.0,Baseline,570.1436915727949,59.38795627007946,20.18025521230163,47.34622064937811,104.14392582895152,62.61462760465941,0.0,16.302138968096557,694.467872614048,185.65094349221354,880.1188161062619,1.9
18,8200.0,Baseline,602.5316478428743,89.0125342817899,0.0,73.99987526136056,71.27261975214037,104.59218219047708,0.0,22.398984590565128,673.8042675950147,290.0035763241927,963.8078439192075,2.6
19,4100.0,Baseline,666.5441821246643,45.388635091980284,28.61124016938038,36.66729471861481,139.19750722400272,48.54604949597167,0.0,12.742599081412497,834.3529295180474,143.34457838797925,977.6975079060264,1.25
20,6700.0,Baseline,686.9328172166445,70.89604307784317,0.0,48.14632687205967,133.97972165806664,70.34894391374259,0.0,18.59417677135649,820.9125388747111,207.98549063500195,1028.898029509713,2.1
21,2900.0,Baseline,732.8288602944876,30.130275948239603,18.016050923820103,25.755228178742954,178.57343739306634,34.596674656018706,0.0,10.78020308626016,929.4183486113741,101.26238186926142,1030.6807304806355,0.85
22,9300.0,Baseline,737.9591362427273,99.2395134624302,0.0,78.39526552734782,79.30661216186991,106.744983976865,0.0,21.938033177508554,817.2657484045972,306.31779614415154,1123.583544548749,3.2
23,5400.0,Baseline,812.1986497051575,56.29091566856863,22.104349858779187,52.59318940885905,133.45840672987606,64.44614732889156,0.0,14.753815747856951,967.7614062938128,188.08406815417618,1155.845474447989,1.5
24,3600.0,Baseline,843.4895653737262,39.24625431020444,35.4512849574337,31.774806252660476,166.12974780610716,37.66830901434838,0.0,12.373754788417832,1045.070598137267,121.06312436563113,1166.133722502898,1.05
25,7800.0,Baseline,857.7358196839307,77.05264312654076,0.0,69.24706414156861,124.72444076244028,85.86759615934999,0.0,20.35328473238954,982.460260446371,252.52058815984893,1234.9808486062198,2.35
26,4900.0,Baseline,84.7884628104714,52.71428836314369,16.532775778425048,42.32013400586148,168.27190291592865,60.72728072658322,0.0,14.432622295299346,269.5931415048251,170.19432539088774,439.78746689571267,1.4
27,2200.0,Baseline,115.50275117361502,22.85496726452743,35.997942519759135,19.333369693732013,209.66581394877971,24.739803151489372,0.0,9.626560655416549,361.1665076421539,76.55470076516536,437.7212084073194,0.65
28,8700.0,Baseline,112.35771843814246,93.47972620863878,0.0,72.10777995393654,124.14942315118492,91.88402521959544,0.0,19.592905831751054,236.50714158932738,277.06443721392185,513.5715788032494,2.8
29,6000.0,Baseline,181.83744464678125,63.16373896928796,8.944040984648609,49.23166547775175,166.80178289302876,69.24517085043918,0.0,17.787577753321514,357.5832685244586,199.4281530508004,557.0114215752587,1.7
30,4300.0,Baseline,222.00118361606928,40.562775139209414,17.612931323190878,35.733395678871005,200.31355806459692,44.36288340891976,0.0,13.847052133724288,439.9276730038571,134.50610636072446,574.4337793645818,1.15
31,7500.0,Baseline,237.5639587552787,82.63427025661373,0.0,65.36828603876933,150.02021218019559,83.27811012812278,0.0,19.904903087487057,387.5841709354743,251.18556951099288,638.7697404464675,2.2
32,3300.0,Baseline,295.1982290118924,36.373360678585705,28.994925360183743,25.228276746731446,208.07004556158722,36.94644021327287,0.0,12.155449819319092,532.2631999336634,110.70352745790912,642.9667273915725,0.95
33,9100.0,Baseline,306.57158969047805,98.16250900737309,0.0,84.54330963815178,116.53386923625067,105.53226495797865,0.0,23.04761966265598,423.1054589267287,311.2857032661595,734.3911621928878,3.05
34,5200.0,Baseline,379.7340986978511,57.23261373013267,27.31069590801917,43.71054842613521,178.355585768094,57.37947260360031,0.0,17.563492668753693,585.4003803739643,175.88612742862188,761.2865078025857,1.6
35,2700.0,Baseline,413.96671242798357,27.853356888556604,43.1678874455979,25.061521839533697,210.6735365321606,30.32846128403946,0.0,11.38097645693464,667.8081364057421,94.62431646906441,762.4324528748061,0.8
36,8000.0,Baseline,417.82006931653996,83.0384966028233,0.0,70.02242642412955,156.1704840743787,95.95964502999938,0.0,22.63559450431175,573.9905533909186,271.656162561264,845.6467159521831,2.5
37,4600.0,Baseline,474.8585659193632,49.55657699689709,20.46584942723257,40.04805783843625,212.08207126594198,50.90306992606033,0.0,14.713389125728817,707.4064866125377,155.2210938871225,862.6275804996603,1.3
38,6300.0,Baseline,500.41514291626027,62.11041388545026,0.0,53.6552174476446,207.73341712457614,72.06445546970616,0.0,18.291854778079475,708.1485600408364,206.1219415808805,914.2705016217169,1.85
39,3800.0,Baseline,538.5255568017105,39.830389437251156,13.824828010393503,34.64298530981824,245.1548872844637,44.476929486344744,0.0,13.183953109855773,797.5052720965678,132.13425734326992,929.639529439838,1.0
40,8900.0,Baseline,554.3559462389617,91.75537839104595,0.0,83.18862816543079,163.15562353454425,94.64702526068915,0.0,20.33410723453629,717.5115697735059,289.92513905170216,1007.4367088252075,2.95
41,5600.0,Baseline,621.1113246300074,59.140016060894204,24.04861210453646,47.71678983568812,210.08585895954548,58.16786246764436,0.0,15.74556074794337,855.2457956940893,180.77022911217006,1036.0160248062589,1.65
42,2500.0,Baseline,657.2513406909015,23.81876866257856,47.946633277646015,21.062207010189343,247.19151441700023,29.383907378247027,0.0,9.649553234620267,952.3894883855478,83.9144362856352,1036.3039246711828,0.75
43,7200.0,Baseline,657.0701093534799,76.79873100860245,0.0,67.46583677324718,201.31969430123308,77.64213881956518,0.0,17.61327014773609,858.389803654713,239.51997674915089,1097.9097804038638,2.15
44,4000.0,Baseline,710.8688403620822,41.85742141736882,25.608415355878606,34.688905027472984,244.2729280933254,45.212969462176524,0.0,12.085548376456034,980.7501838112862,133.84484428347437,1114.595028094761,1.1
45,9600.0,Baseline,727.7262617794509,106.49839862268237,0.0,92.21192648427657,151.07289283189448,110.72651986298715,0.0,25.297629164311065,878.7991546113453,334.73447413425714,1213.533628745603,3.35
46,3000.0,Baseline,809.2246604021334,31.81229661600744,60.39962986826913,25.459504090837054,236.33990860404447,35.7828227906609,0.0,11.425662053637401,1105.964198874447,104.48028555114279,1210.44448442559,0.9
47,6500.0,Baseline,816.036957018141,71.28032707679748,14.578806882308527,53.84501730083491,218.27771409387015,77.32008507216287,0.0,17.912187133414932,1048.8934779943197,220.3576165832102,1269.2510945775302,1.95
48,4800.0,Baseline,862.3172840949387,47.755545955529996,20.668278227613428,42.41221425059552,253.18558491543763,56.443528364840525,0.0,14.74502885831548,1136.1711472379898,161.35631742928152,1297.527464667271,1.35
49,8400.0,Baseline,885.0728300504688,91.61239117692135,0.0,78.15876019649504,202.93845438507014,87.86058145143572,0.0,23.51694596829416,1088.011284435539,281.1486787931463,1369.1599632286857,2.7
50,2100.0,Baseline,951.6852212273902,21.142161364330686,57.01659883216462,18.925091513861506,271.87394432264455,25.313914840115807,0.0,8.895849614451226,1280.5757643821994,74.27701733275923,1354.8527817149588,0.6
51,7000.0,Baseline,117.82738259172083,70.97965319702297,4.9620371490032085,62.12318194143826,235.0646772213222,76.31247370292684,0.0,16.049359711768993,357.85409696204624,225.46466855315705,583.3187655152033,2.05
52,3500.0,Baseline,164.80703578874363,35.940479041094086,31.144740049347547,28.115275072861095,283.26187585138814,40.66565533490659,0.0,12.461956915485931,479.2136516894793,117.18336636434769,596.3970180538272,1.0
53,9000.0,Baseline,175.74751482983766,94.69266566944069,0.0,84.09447182505109,204.40040881401137,99.27127199238261,0.0,22.089974204689135,380.147923643849,300.14838369156354,680.2963073354126,3.0
54,5300.0,Baseline,245.44018049927854,54.0896712210908,30.004800603960575,45.81564306500142,257.85603774139236,62.91008236357246,0.0,15.415905317213731,533.3010188446315,178.23130196687842,711.5323208115101,1.55
55,2600.0,Baseline,275.52985172036915,27.3740195242657,48.446424144696266,21.5958429672386,299.1702771377263,28.794821069022596,0.0,10.809372000284773,623.1465530027917,88.57405556081166,711.7206085636035,0.8
56,8100.0,Baseline,278.90387124463496,83.13341400266076,0.0,69.48991738105403,245.384033934969,82.45066913156873,0.0,21.23536193824412,524.287905179604,256.3093624535276,780.5972676331317,2.55
57,4400.0,Baseline,338.0372852472956,43.049601425097194,26.440315955956976,40.413459340220925,287.4212437263168,46.99079611026574,0.0,13.820639336006062,651.8988449295693,144.2744962115899,796.1733411411592,1.2
58,6200.0,Baseline,357.08688667239267,59.33084752439714,7.5229277717808145,54.20247974665296,280.2095600899297,70.85945721108004,0.0,18.717753709459746,644.8193745341032,203.11053819158988,847.9299127256932,1.8
59,3700.0,Baseline,391.41773419678975,37.72921417662126,23.996193341812614,32.913978915786956,318.1550383852227,40.54579201415803,0.0,12.585289058627524,733.5689659238251,123.77427416519376,857.3432400890188,1.05
60,8600.0,Baseline,405.14694837341085,85.41278103711286,0.0,69.99342835072565,260.2047932691421,93.87180760098823,0.0,21.503318611994988,665.351741642553,270.78133560082176,936.1330772433744,2.75
61,5000.0,Baseline,467.5597294105237,54.07328633815689,15.920142012568704,41.08359674837523,312.9930041217549,55.488058078829546,0.0,14.893397618201195,796.4728755448473,165.53833878356286,962.01121432841,1.45
62,2300.0,Baseline,498.63301574868046,22.793938438681014,34.20980032226316,19.88567482183379,348.59538737875073,23.804143760794386,0.0,10.143602825063077,881.4382034496944,76.62735984637226,958.0655632960661,0.7
63,7700.0,Baseline,497.4269541873614,73.34206529373293,0.0,68.4502044143934,284.7027365755157,85.93258522893717,0.0,19.75339015901309,782.1296907628771,247.4782450960766,1029.607935858954,2.3
64,4150.0,Baseline,545.7690194810943,40.36000102117258,28.09020339322069,37.71676942175831,332.918552382695,42.26603506085646,0.0,13.39736355165943,906.77777525701,133.74016905544678,1040.517944312457,1.15
65,9400.0,Baseline,562.1290205022669,100.61158402299736,0.0,85.65795917872123,254.7220170568121,102.25461485532853,0.0,25.589928567826504,816.851037559079,314.1140866248736,1130.965124183952,3.25
66,2950.0,Baseline,638.7406045252642,28.565366615066573,57.09259256365476,28.484205084912702,328.4924268272275,35.25913659935916,0.0,10.861240105870626,1024.3256239161465,103.16994840520906,1127.4955723213561,0.85
67,6600.0,Baseline,643.3059711403307,70.34985900526983,15.226938643297672,56.44889679188687,307.3026666347,74.25724096751584,0.0,18.10578553068585,965.8355764183284,219.16178229535842,1184.9973587136874,2.0
68,4700.0,Baseline,689.6558301456007,51.04985340489934,20.625982030285286,39.58407633511733,341.97583126709833,52.040014776114305,0.0,14.988475747739917,1052.2576434429843,157.6624202638709,1209.9200637068561,1.3
69,8300.0,Baseline,715.7056835505,90.37533357966565,0.0,69.7321811756083,294.1183896533421,88.46846285237129,0.0,20.186567988507743,1009.8240732038421,268.76254559615296,1278.5866187999945,2.65
70,2250.0,Baseline,781.0810171301655,21.949556049471102,47.782625126136736,18.050635378415706,364.5362171272973,22.44540875945166,0.0,10.22545781020369,1193.3998593835995,72.67105799754215,1266.070917381142,0.65
71,7100.0,Baseline,779.030573179637,69.84926701241903,0.0,62.02663486628435,320.9389845125979,81.75877994115423,0.0,20.34372910372319,1099.969557692235,233.97841092358084,1333.9479686158156,2.1
72,3400.0,Baseline,824.8798401920558,34.04591392128622,27.98072094499821,30.696216218269164,372.0015482354829,35.279983950867525,0.0,12.561214406956974,1224.862109372537,112.5833284973799,1337.4454378699174,0.95
73,9200.0,Baseline,834.925754113342,95.05301454312871,0.0,76.54432130509711,294.36113350139294,103.50515326202849,0.0,26.877593469155045,1129.286887614735,301.9800825794094,1431.2669701941431,3.15
74,5500.0,Baseline,905.9787686564705,57.63304529404641,18.911276011050177,47.39398619768633,350.47230056573517,61.21218890588043,0.0,15.994063820454379,1275.3623452332558,182.23328421806755,1457.5956294513235,1.65
75,2850.0,Baseline,939.611813950517,28.300155400600346,38.00510680813568,24.816875649459966,386.8676138221563,30.648925831986674,0.0,11.276679017383518,1364.484534580809,95.04263589943051,1459.5271704802399,0.85
76,7900.0,Baseline,107.91196935111748,84.72599325778953,0.0,73.91443193506846,321.69809691888076,86.27056636089819,0.0,20.188660735194745,429.61006626999824,265.09965228895095,694.7097185589491,2.4
77,4550.0,Baseline,168.6379626089074,44.903304077344764,29.011127857723295,41.36137235642681,366.6072909233526,57.10698070472081,0.0,13.693418723786174,564.2563813899833,157.06507586227855,721.3214572522611,1.25
78,6400.0,Baseline,189.54126668625213,68.62524495840854,1.7472552557410381,56.47808405907839,367.23618756899486,74.3381955365074,0.0,18.036366389330087,558.524709510988,217.4778909433244,776.0026004543133,1.9
79,3750.0,Baseline,234.1665116446611,38.569558714673974,19.65578060014559,31.854156828460745,409.72022627704155,40.05598910338044,0.0,12.280920798404939,663.5425185218483,122.7606254449201,786.3031439667684,1.0
80,8750.0,Baseline,248.73607035933492,84.21889038745189,0.0,81.88323497699722,335.18402744457944,101.42007206182952,0.0,22.864208487945657,583.9200978039144,290.38640591422427,874.3065037181386,2.85
81,5150.0,Baseline,308.95496074678704,53.39156132359651,28.49167365340054,41.94995242431122,394.65414708209755,48.23112836881694,0.0,15.805773317288393,732.1007814822851,159.37841543401305,891.479196916298,1.5
82,2350.0,Baseline,338.3465220703838,25.159385284611588,45.282240793099845,19.098559984033297,423.7867154668811,25.586224646529878,0.0,10.48681622383549,807.4154783303647,80.33098613901026,887.7464644693746,0.7
83,7650.0,Baseline,339.50590735499554,81.02508920251155,0.0,68.84856530627223,363.8800863817596,81.47584200750251,0.0,20.92022968055216,703.3859937367552,252.26972619683843,955.6557199335939,2.3
84,4050.0,Baseline,396.530996557507,41.82274143309458,27.025823873177615,34.80788321267708,410.5480451765852,45.38485167301921,0.0,13.612777537273017,834.1048656072699,135.62825385606388,969.7331194633343,1.1
85,9550.0,Baseline,414.353737990602,106.07902287219272,0.0,84.57231468136857,327.1152663818975,108.84987248419003,0.0,23.67812075900831,741.4690043724995,323.17933079675964,1064.6483351692596,3.3
86,3050.0,Baseline,496.43276086279457,31.644856007403366,52.9274586739657,25.33950989783842,410.62562896824966,35.9740165338954,0.0,11.698902557051117,959.9858485050099,104.6572849961883,1064.6431335011976,0.9
87,6550.0,Baseline,504.07761687019774,69.02656482019124,9.240403751612575,57.90346257072304,388.6961829314223,71.78716048561961,0.0,17.447663339868264,902.0142035532326,216.16485121640216,1118.1790547696346,1.95
88,4850.0,Baseline,549.1041816903889,51.497664427504695,15.646201894830483,42.77987821365422,417.7034652033881,56.85680621301803,0.0,15.970824065514023,982.4538487886075,167.10517291969097,1149.5590217082981,1.35
89,8350.0,Baseline,576.6018461178937,90.18038940801142,0.0,74.10041100544714,368.7055511114322,96.14186146606602,0.0,18.930338945892025,945.3073972293259,279.3530008254166,1224.6603980547425,2.65
90,2150.0,Baseline,642.782235525905,23.15390221882077,50.94650878662651,17.91877403707338,446.9286385404248,24.835050933673422,0.0,9.785595335189981,1140.6573828529563,75.69332252475755,1216.350705377714,0.6
91,7050.0,Baseline,641.9361377447258,75.29142061995952,0.0,58.87224964231582,406.46530203552265,70.58462235484164,0.0,19.94486582422337,1048.4014397802484,224.69315844134036,1273.094598221589,2.05
92,3450.0,Baseline,693.2275583646851,32.7124644232771,26.159785219038895,29.11579982726111,447.93412456310307,36.50003521887107,0.0,12.63583905538105,1167.321468146827,110.96413852479033,1278.2856066716176,0.95
93,9150.0,Baseline,701.9400227879623,97.66906664561887,0.0,78.32108147760381,363.7195967050511,98.33874207830138,0.0,21.054625052060942,1065.6596194930135,295.383515253585,1361.0431347465983,3.1
94,5250.0,Baseline,775.6090894335812,54.282785738204296,24.038295739399473,45.38147788894986,416.6768608944021,66.95122395829047,0.0,16.14893004971361,1216.3242460673828,182.76441763515822,1399.0886637025405,1.6
95,2650.0,Baseline,805.8918751717856,26.952323060747776,42.4674505676021,22.695644956077807,460.9324398966146,30.524551732247037,0.0,10.454213001548684,1309.2917656360023,90.6267327506213,1399.9184983866235,0.8
96,8050.0,Baseline,808.844198232533,89.768740574802,0.0,76.36823956294002,390.4831070147993,94.75288887634966,0.0,23.31759047229084,1199.3273052473323,284.2074594863825,1483.5347647337157,2.5
97,4450.0,Baseline,874.612938807335,45.02774943082581,31.34049013211461,37.569447853854435,447.6665480372949,48.889447575520315,0.0,14.201916151953585,1353.6199769767445,145.68856101215414,1499.308537988899,1.2
98,6250.0,Baseline,895.6406882381607,57.52064586139969,11.389292124569693,54.749292224163945,441.80670338865184,70.92166024046519,0.0,17.031457227926946,1348.8366837513822,200.2230555539558,1549.0597393053367,1.8
99,3650.0,Baseline,929.16133409956,37.01974080539726,29.11884354333597,32.54830238430076,480.180061244816,39.35737845733305,0.0,12.550492398396266,1438.460238887712,121.47591404542734,1559.936152933139,1.05
100,8550.0,Baseline,942.1810749049573,91.09635459230773,0.0,75.27428350548252,414.83394753199536,91.77164486423948,0.0,21.62753781846526,1357.0150224369527,279.769820780495,1636.7848432174478,2.75
101,4950.0,Baseline,169.27742949726508,52.741812052630436,22.532471452851496,40.87890874302949,465.7266836532053,58.6408427243315,0.0,15.258243817670685,657.5365846033219,167.51980733766212,825.0563919409842,1.4
102,2380.0,Baseline,198.01924154989592,23.951155833852646,39.460224362028384,19.748753797998017,504.6187725795389,25.009151012932783,0.0,10.094151507202655,742.0982384914632,78.8032121519861,820.9014506434496,0.7
103,8820.0,Baseline,197.9703973837486,89.50564021468132,0.0,79.06865812714032,420.262603410677,90.44759256001493,0.0,23.287874783392553,618.2330007944256,282.30976568522914,900.5427664796543,2.85
104,6050.0,Baseline,263.4760375984297,63.54968080263321,15.518977324507432,54.27583864165213,456.4343573290398,65.54851734640917,0.0,18.266111490231424,735.4293722519769,201.64014828092593,937.0695205329021,1.75
105,4250.0,Baseline,303.0257184010625,40.25485349433013,29.539962471829313,31.759490385506464,490.22338428994317,44.92118499123114,0.0,13.623865490330378,822.789065162835,130.55939436139812,953.3484595242317,1.15
106,7550.0,Baseline,319.2805718953923,82.57586638305199,0.0,62.84868895754759,451.01946679790944,89.69843375004481,0.0,18.957183833306715,770.3000386933018,254.0801729239511,1024.3802116172528,2.25
107,3250.0,Baseline,377.85643827844433,33.77236710004169,29.076321857506628,25.25672135066373,515.4611791972902,37.667361463103184,0.0,12.06831324955478,922.3939393332412,108.76476316336338,1031.1587024966047,0.9
108,9180.0,Baseline,387.6288053784856,98.03436893086793,0.0,75.00031878416479,434.42689615353083,100.26151983912331,0.0,22.06833216890785,822.0557015320164,295.36453972306384,1117.4202412550803,3.1
109,5280.0,Baseline,461.66317430935396,55.251536980375,19.748781803789825,49.760726749452225,484.9276892432017,58.164210753652654,0.0,16.960095626436097,966.3396453563455,180.13657010991597,1146.4762154662612,1.6
110,2680.0,Baseline,492.914711289729,28.06249552009244,41.44701303314923,22.826342523066042,520.2655574737882,32.40396908238578,0.0,12.138372092236771,1054.6272817966665,95.43117921778105,1150.0584610144479,0.8
111,8080.0,Baseline,496.97720680982184,86.69428411428328,0.0,67.70704206300636,462.5415559350995,95.19825279544406,0.0,22.506835323101832,959.5187627449213,272.1064142958355,1231.625177040757,2.5
112,4480.0,Baseline,559.6714909241055,47.61725700146241,20.089785061543807,42.888615065751125,514.8511936647928,51.092194607777785,0.0,14.074546975621306,1094.612469650442,155.67261365061265,1250.2850833010543,1.2
113,6280.0,Baseline,583.2887479255678,65.410712084484,0.0,54.66015003851172,508.85092627687027,72.73836863283236,0.0,17.289430307920405,1092.139674202438,210.0986610637485,1302.2383352661855,1.8
114,3680.0,Baseline,624.6994600100516,36.672424456769114,17.98772558174187,29.897422242669315,551.6918726670328,39.82681899968655,0.0,13.903757354441929,1194.3790582588263,120.3004230535669,1314.6794813123934,1.05
115,8580.0,Baseline,637.371884466821,88.31046782312052,0.0,75.16160279198435,475.93176887602567,88.35619756980134,0.0,21.957439028980193,1113.3036533428467,273.78570721388644,1387.0893605567326,2.75
116,4980.0,Baseline,701.6823522899413,56.80920812129916,18.3523946706855,41.68077663040416,522.6071898154223,54.05001974305323,0.0,13.781650088511295,1242.641936776049,166.32165458326784,1408.9635913593165,1.4
117,2410.0,Baseline,734.4915604112402,23.89829223083209,36.13487907025774,22.66812054384556,553.9890890146298,27.29345051992206,0.0,11.329610992233741,1324.6155284961278,85.18947428683344,1409.8050027829613,0.7
118,8850.0,Baseline,734.3898526420726,91.20929702792404,0.0,71.88439984810282,476.9918422726287,97.1347891826253,0.0,24.424776074765333,1211.3816949147013,284.65326213341746,1496.0349570481185,2.85
119,6080.0,Baseline,801.5991496699962,59.97218500108145,11.91221484702146,52.069024304157146,522.0576071510968,70.53715844164807,0.0,15.915170059220051,1335.5689716681145,198.49353780610673,1534.0625094742209,1.75
120,4280.0,Baseline,837.5713346710772,45.264904023030496,18.716335128147875,40.18052246662103,552.4142431261234,44.89942097871957,0.0,13.684276006535038,1408.7019129253486,144.02912347490613,1552.731036400255,1.15
121,7580.0,Baseline,858.836238694108,78.95730483918271,0.0,67.1569802814273,510.0962365790019,81.3107690460704,0.0,20.801222588983315,1368.93247527311,248.22627675566372,1617.158752028774,2.25
122,3280.0,Baseline,913.7935435332911,32.534524072301174,34.62245620912654,28.38087183531676,563.0261337897555,33.43471403512683,0.0,11.863572636458052,1511.442133532173,106.21368257920281,1617.6558161113753,0.9
123,9210.0,Baseline,922.328067605592,96.73509849398273,0.0,85.10785066127428,477.62122671406814,113.74538774690883,0.0,26.15634106777859,1399.94929431966,321.74467796994446,1721.693972289604,3.1
124,5310.0,Baseline,995.063166099575,53.195151787664244,31.91269887360977,44.190326339654746,547.1762881213226,54.724296919016204,0.0,15.496956595091053,1574.1521530945074,167.60673164142625,1741.7588847359339,1.6
125,2710.0,Baseline,1024.2583178872392,26.40688841407757,49.696136799186206,25.043280514209727,576.8573045261292,29.791559124720486,0.0,10.980345981259532,1650.8117592125545,92.22207403426732,1743.0338332468218,0.8
126,8110.0,Baseline,186.66520630131708,84.81369259137972,0.0,67.10962036835781,529.4649680045077,87.50463744131187,0.0,21.07857217540665,716.1301743058248,260.50652257645606,976.6366968822813,2.5
127,4510.0,Baseline,247.47889889269663,47.67509165137075,19.434528716987188,41.24255174355951,575.7270537022605,50.73730979859084,0.0,13.942000987668155,842.6404813119443,153.59695418118926,996.2374354931344,1.25
128,6310.0,Baseline,271.1539905440677,65.7226813948532,0.0,59.032092807733356,562.3866697588119,68.9460072027323,0.0,19.034722671326897,833.5406603028796,212.73550407664578,1046.2761643795257,1.85
129,3710.0,Baseline,312.8766719389205,37.78840300280473,21.24368980492909,32.771535863469666,598.5611410980746,41.990224988225194,0.0,12.327824789427972,932.6815028419242,124.87798864392755,1057.559491485852,1.05
130,8610.0,Baseline,326.6650749417249,90.67106792369363,0.0,74.68676634755583,529.2087574834486,101.74934886766482,0.0,20.07858209572352,855.8738324251735,287.18576523463776,1143.0595976598124,2.75
131,5010.0,Baseline,393.3361428654189,52.126629679968694,22.560136667587358,44.94049280701118,586.0176135441025,57.965158690230936,0.0,15.183208413888224,1001.9138930771087,170.21548959109904,1172.1293826682067,1.45
132,2310.0,Baseline,421.46277254538745,22.785200044032273,44.715429430565564,20.02978537635581,623.9529868579775,25.950443726201595,0.0,10.871098867586078,1090.1311888339305,79.63652801417575,1169.7677168481077,0.7
133,7710.0,Baseline,420.24797258942,78.50999281602255,0.0,69.04864316618675,567.090009408892,85.60009130617364,0.0,19.825902915567653,987.337981998312,252.9846302039506,1240.3226122022625,2.3
134,4110.0,Baseline,474.7579654054425,42.96305662191625,26.085586544269972,32.3395064745837,620.3505942404827,45.9248599281481,0.0,12.376530345635592,1121.1941461901952,133.60395337028365,1254.7980995604776,1.15
135,9410.0,Baseline,493.72102202735914,97.84643128136554,0.0,83.48422736523516,543.369888540883,105.65782059729997,0.0,22.986986640774116,1037.0909105682422,309.97546588467475,1347.0663764529163,3.25
136,2910.0,Baseline,567.5674533087249,31.351744783527234,52.132482581707336,26.03588492017063,622.9918242180129,33.84825381543644,0.0,11.589481101841757,1242.6917601084451,102.82536462097607,1345.517124729422,0.85
137,6510.0,Baseline,574.9191980922524,62.458603902947296,15.709763598930294,59.39118973571365,597.4488882977357,81.18014942781342,0.0,18.936191518061236,1188.0778499889184,221.96613458453558,1410.0439845734545,1.95
138,4810.0,Baseline,613.3778019951997,50.061971134930126,25.038982199714155,40.78562794815157,637.843409777397,56.565468856724685,0.0,14.899103113721818,1276.2601939723108,162.3121710535282,1438.5723650258387,1.35
139,8310.0,Baseline,639.4397731301297,81.01571206232786,0.0,76.3642508232299,602.8535258964312,97.20847123384473,0.0,21.234511789698196,1242.2932990265608,275.82294590910067,1518.1162449356616,2.65
140,2210.0,Baseline,696.4554851924568,22.020151649880187,54.344099173349605,19.731347526680537,680.3306496035966,24.803324956804946,0.0,10.245073644474784,1431.130233969403,76.79989777784046,1507.9301317472436,0.65
141,7060.0,Baseline,694.4756368423368,75.11875244064424,0.0,64.88139969050174,639.2092691292855,78.65285063422617,0.0,20.882482193765497,1333.6849059716224,239.53548495913765,1573.220390930759,2.05
142,3410.0,Baseline,745.5943892829819,36.46624424044444,28.415155450056773,29.22941708350726,688.6327026800045,35.8802170436544,0.0,11.437905222409352,1462.6422474130432,113.01378359001545,1575.6560310030563,0.95
143,9110.0,Baseline,758.0606335234261,90.668429130391,0.0,76.28079655476611,615.2082665720645,104.58681595662846,0.0,24.048499534250375,1373.2689000954906,295.58454117603594,1668.8534412715271,3.05
144,5210.0,Baseline,824.7290626538179,52.44019532568489,23.840601229079766,47.2760370351757,672.5190454935182,54.79271930866493,0.0,15.13939466632899,1521.0887093764159,169.6483463358545,1690.7370557122704,1.6
145,2610.0,Baseline,853.1692579795035,27.324054926898345,43.79258333735743,22.761710739326336,704.5500540628564,29.175681870200506,0.0,11.137837698779215,1601.5118953797173,90.39928523520439,1691.9111806149212,0.8
146,8010.0,Baseline,856.4933129064011,81.20540669716003,0.0,79.22669592100483,639.8479273915764,92.24245515284963,0.0,20.53287214709409,1496.3412402979775,273.2074299181086,1769.5486702160852,2.5
147,4410.0,Baseline,913.6987196035607,42.6453724951926,36.581323425811206,39.95522454779996,692.1351579966249,50.73911713780265,0.0,14.594786081376794,1642.4152010259968,147.934500262172,1790.3497012881708,1.2
148,6210.0,Baseline,932.3440920987541,63.657807438824086,12.878740534788449,56.59969852780059,686.2745766066273,72.52767550639133,0.0,16.003702534408998,1631.4974092401699,208.788884007425,1840.2862932475928,1.8
149,3610.0,Baseline,972.0018995375776,41.704164358038994,27.77427470454859,32.70397976978331,726.0982723432353,39.89514811200669,0.0,13.112963505531441,1725.8744465853615,127.41625574536044,1853.2907023307234,1.05
150,8510.0,Baseline,989.7060638956173,89.08170466981173,0.0,79.63397310237448,657.7559971573883,93.7353818300104,0.0,21.987713930209736,1647.4620610530055,284.43877353240634,1931.9008345854127,2.75
151,4910.0,Baseline,0.0,54.96257623313775,0.0,40.9387724816725,0.0,51.4536005995135,0.0,14.630014698419298,0.0,161.98496401274306,161.98496401274497,1.4
152,2340.0,Baseline,30.962576233137952,24.947938993493654,15.990833488180215,17.99462339511232,33.45897720440189,26.01594572597,0.0,10.203913490944451,80.41238692572006,79.16242160552042,159.5748085312407,0.7
153,8780.0,Baseline,31.910515226631105,96.46190087537258,0.0,77.3353391005487,0.0,92.86309987748652,0.0,24.29342408886876,31.910515226631105,290.9537639422765,322.86427916890716,2.85
154,6010.0,Baseline,104.37241610200363,63.806019548841384,13.529319551707886,51.49660043071761,41.36649944676901,67.5429828319226,0.0,16.168315908111012,159.26823510048052,199.0139187195926,358.2821538200733,1.7
155,4210.0,Baseline,144.17843565084513,45.316522638556016,19.70939734386957,34.978137864184816,73.93134441450638,46.22057943847232,0.0,14.035207124564526,237.81917740922108,140.5504470657777,378.369624474999,1.15
156,7510.0,Baseline,165.49495828940053,75.88187272452267,0.0,64.28946184006254,34.66812449644749,78.04663844537791,0.0,19.041355166204962,200.16308278584802,237.25932817616808,437.4224109620154,2.2
157,3210.0,Baseline,217.37683101392395,31.91412578116991,32.37533605889257,28.086967301869404,84.62779563995537,35.60094219387335,0.0,11.941417857297475,334.3799627127719,107.54345313421014,441.9234158469808,0.9
158,9140.0,Baseline,225.29095679509373,89.66392762446377,0.0,80.42978538366795,10.597328186457162,95.97665394540354,0.0,23.836837184176634,235.8882849815509,289.9072041377119,525.795489119264,3.05
159,5240.0,Baseline,290.95488441955786,54.16427851774998,26.265506865918724,47.358966176900914,59.21501595496011,60.19526592973098,0.0,15.769631743284693,376.4354072404367,177.48814236766654,553.9235496081037,1.6
160,2640.0,Baseline,321.1191629373079,25.24383389230939,48.38063915050952,22.88373910720971,96.52654277748115,29.525888183460065,0.0,10.416719485403236,466.0263448652986,88.0701806683824,554.0965255336814,0.8
161,8040.0,Baseline,322.36299682961726,85.1041506740484,0.0,70.04318167735214,42.16947686726053,87.64432835955726,0.0,20.60401948584255,364.5324736968778,263.39568019680036,627.9281538936793,2.5
162,4440.0,Baseline,383.4671475036648,50.89959995740118,19.143581719950816,41.75752547758422,88.05627974923482,43.57376607043715,0.0,14.158388837617212,490.66700897285045,150.3892803430398,641.0562893158894,1.2
163,6240.0,Baseline,410.36674746106655,64.85265040287415,0.0,54.731812760952266,72.94668985337921,68.98374666880773,0.0,16.49224000043824,483.31343731444576,205.06044983307237,688.373887147518,1.8
164,3640.0,Baseline,451.2193978639407,39.916107006809156,14.815705754142982,30.68565050243767,111.24478601974988,40.73973680673127,0.0,13.150448679431204,577.2798896378335,124.4919429954093,701.7718326332415,1.05
165,8540.0,Baseline,467.1355048707501,91.79161136845497,0.0,74.81688319462663,30.877384519979387,96.57540030427296,0.0,23.96222457036243,498.01288939072947,287.14611943771695,785.1590088284465,2.75
166,4940.0,Baseline,534.9271162392051,49.37911991725852,25.437763277366685,43.25340224462778,84.19938257962531,52.61906985588721,0.0,15.415129989000478,644.5642620961971,160.666722006774,805.230984102971,1.4
167,2370.0,Baseline,560.3062361564644,23.62062065224251,45.07054486975176,19.03745302701249,117.78099940850007,26.70600483711026,0.0,10.267379649151078,723.1577804347162,79.63145816551634,802.7892386002313,0.7
168,8810.0,Baseline,559.9268568087064,91.18824709251436,0.0,79.90594048178349,37.50081456807675,93.53852191991257,0.0,23.464542509375022,597.4276713767831,288.0972520035854,885.5249233803679,2.85
169,6040.0,Baseline,627.1151039012202,63.70957470367676,16.196365778107065,53.42099223921879,77.61834424877088,66.15891926380026,0.0,17.792551132936676,720.9298139280982,201.08203733963248,922.0118512677291,1.75
170,4240.0,Baseline,666.8246786048967,45.462983451100115,24.15437456622567,33.86167901908855,109.91558449348304,46.811399656345586,0.0,13.06472727763177,800.8946376646054,139.20078940416602,940.0954270687707,1.15
171,7540.0,Baseline,688.2876620559964,83.61875618916511,0.0,62.72640216678128,68.39787937919573,76.4329300204414,0.0,19.97405939334957,756.6855414351921,242.75214776973735,999.4376892049295,2.25
172,3240.0,Baseline,747.9064182451621,34.47238141569926,28.254020751082862,26.31889708392724,118.5119123157092,36.08188198747697,0.0,11.401768810599624,894.6723513119541,108.27492929770308,1002.9472806096564,0.9
173,9170.0,Baseline,758.3787996608608,93.61542696411192,0.0,83.04443136386624,32.50685381021867,106.33246689730399,0.0,24.424001430367454,790.8856534710794,307.4163266556496,1098.3019801267274,3.1
174,5270.0,Baseline,827.9942266249727,53.97703878494999,29.067392578916042,50.47943232532129,88.35988838220146,63.9100748498096,0.0,17.7980917536977,945.4215075860902,186.16463771377857,1131.586145299867,1.6
175,2670.0,Baseline,857.9712654099221,28.0462553726384,51.50056953159765,22.616951268001174,129.65301196401015,28.216173308725416,0.0,10.223112085838972,1039.12484690553,89.10249203520397,1128.2273389407346,0.8
176,8070.0,Baseline,22.017520782561405,88.7710258592349,0.0,68.09524142237387,75.12043879072553,98.18097361155277,0.0,22.522724234318154,97.13795957328693,277.5699651274797,374.70792470076594,2.5
177,4470.0,Baseline,86.78854664179562,43.61572610745885,24.47951531491526,39.28669950689376,134.01471289538313,56.7699276918702,0.0,14.513722473711589,245.282774852094,154.1860757799344,399.468850632029,1.2
178,6270.0,Baseline,106.40427274925423,68.28673112606862,0.0,57.107712614881656,129.15641166811292,73.46916107293654,0.0,16.50169115939307,235.56068441736716,215.36529597327987,450.92598039064796,1.8
179,3670.0,Baseline,150.69100387532308,43.39757326620021,13.710139348680968,30.367067017070386,172.2585057239794,43.18413690025414,0.0,12.33638808435276,336.65964894798344,129.2851652678775,465.9448142158617,1.05
180,8570.0,Baseline,170.08857714152327,91.48434202659669,0.0,78.59691969569565,89.43858726769213,91.21440578248601,0.0,21.039234279175798,259.5271644092154,282.33490178395414,541.8620661931709,2.75
181,4970.0,Baseline,237.57291916812028,53.59798868225148,24.998931013444235,42.33541625267933,138.317576797499,47.95512305579117,0.0,14.949177883730206,400.8894269790635,158.8377058744522,559.7271328535171,1.4
182,2400.0,Baseline,267.1709078503718,23.9930406801673,43.34130658595677,21.230717235034465,165.04198261825695,26.412065587313034,0.0,10.931221362336894,475.55419705458553,82.5670448648517,558.1212419194362,0.7
183,8840.0,Baseline,267.1639485305386,92.98066856575164,0.0,76.51590139883382,86.52950206197602,103.17045887273092,0.0,22.61066367034993,353.69345059251464,295.2776925076663,648.9711431001815,2.85
184,6070.0,Baseline,336.14461709628995,67.465862109188,9.05003928964652,54.34193525880289,135.35802567590508,67.28942560143054,0.0,17.812632805907697,480.55268206184155,206.9098557753291,687.4625378371693,1.75
185,4270.0,Baseline,379.61047920547753,41.887739756076705,21.50423479237179,36.80904923336629,165.83840204396802,49.453593434571246,0.0,13.366725617320682,566.9531160418173,141.51710804133495,708.4702240831539,1.15
186,7570.0,Baseline,397.4982189615548,79.50648824900955,0.0,62.997844427767674,131.1009468275006,81.41470418579334,0.0,19.043833923539285,528.5991657890554,242.96287078610985,771.5620365751656,2.25
187,3270.0,Baseline,453.00470721056445,33.13233975863742,29.86550466913104,28.75000022320986,183.7656507900847,32.6396735813588,0.0,12.575644201343142,666.6358626697802,107.09765776454923,773.733520434329,0.9
188,9200.0,Baseline,462.13704696920104,101.15710319627331,0.0,87.37940954781935,86.48431651969258,99.47252066014536,0.0,23.86406403891067,548.6213634888936,311.8730974431487,860.4944609320428,3.1
189,5300.0,Baseline,539.294150165475,55.466889968830664,31.912519578987485,45.74840302982828,140.20843415001036,56.41976941510022,0.0,16.448728316117812,711.4151038944728,174.08379072987697,885.4988946243502,1.6
190,2700.0,Baseline,570.7610401343063,29.825224118991272,47.8356984898237,23.746694980802936,172.8815085843089,31.39109315952476,0.0,10.67156169954778,791.4782472084389,95.63457395886675,887.1128211673058,0.8
191,8100.0,Baseline,576.5862642532975,87.16543550970533,0.0,71.17089332089246,117.51866638386309,80.26111923265455,0.0,21.819506972536125,694.1049306371606,260.4169550357885,954.521885672948,2.5
192,4500.0,Baseline,639.7516997630028,47.182880710244355,23.988012610647274,39.719869901081815,158.05991571543564,55.36469525017693,0.0,13.101669304649342,821.7996280890857,155.36911516615243,977.168743255239,1.25
193,6300.0,Baseline,662.9345804732475,69.861374412471,0.0,54.7705539805618,152.50056508431044,71.41920131594213,0.0,18.81611529251696,815.4351455575579,214.8672450014919,1030.302390559049,1.85
194,3700.0,Baseline,708.795954885718,39.71501609578731,15.055537884773003,28.84345068621165,195.0763157140409,45.538387661537776,0.0,12.800692171455497,918.9278084845319,126.89754661499222,1045.825355099525,1.05
195,8600.0,Baseline,724.510970981506,92.80515343389996,0.0,75.65122715532199,116.05731135734277,94.6304189088519,0.0,21.548582454071994,840.5682823388488,284.63538195214585,1125.2036642909934,2.75
196,5000.0,Baseline,793.3161244154053,55.637557184629614,20.013669970692717,43.543433552710425,167.14429671348444,56.75856097888959,0.0,15.191041648707735,980.4740910995824,171.13059336493737,1151.6046844645189,1.45
197,2300.0,Baseline,824.9536816000345,25.216339803291174,38.34076372011077,19.197278355731214,204.7055793366435,27.45984644445441,0.0,9.603668685209596,1068.0000246567888,81.4771332886864,1149.4771579454755,0.7
198,7700.0,Baseline,826.1700214033262,77.60002508378552,0.0,70.33795300605314,141.7654897671,86.31419725500047,0.0,17.947148976757422,967.9355111704263,252.19932432159658,1220.1348354920228,2.3
199,4100.0,Baseline,879.7700464871123,42.781579544358024,27.55637346169533,34.75446765175351,193.32521937034653,50.00585109622715,0.0,12.35472397565684,1100.6516393191541,139.89662226799553,1240.5482615871497,1.15
200,9400.0,Baseline,898.5516260314707,104.70570811151111,0.0,85.20708131118953,115.7291221573214,115.95873325360479,0.0,22.79311555427101,1014.2807481887921,328.6646382305765,1342.9453864193674,3.25
201,2900.0,Baseline,139.25733414298156,29.79602074914186,55.41106056204808,24.278163037631884,207.4096923732941,35.30705252892123,0.0,12.275886725464238,402.07808707832373,101.65712304115921,503.73521011948105,0.85
202,6500.0,Baseline,145.05335489212302,70.40960579003753,9.279617809643241,60.842469978480906,181.87427492373354,75.15074590513464,0.0,19.137808275156612,336.2072476254998,225.54062994880968,561.7478775743093,1.95
203,4800.0,Baseline,191.46296068215997,47.897876598417305,22.224211189706693,44.06676291661725,212.95825791225252,52.68877430767978,0.0,14.039974778456932,426.6454297841192,158.69338860117125,585.3388183852912,1.35
204,8300.0,Baseline,215.36083728057747,82.27342388932297,0.0,72.25693904130604,177.40764339562702,88.90711231285421,0.0,22.02098019394715,392.7684806762045,265.45845543743036,658.226936113635,2.65
205,2200.0,Baseline,273.6342611699001,22.588785134862043,49.668153906444786,18.41720195482797,247.89755375365348,24.054053025110655,0.0,11.124415086223483,571.1999688299984,76.18445520102415,647.3844240310227,0.65
206,7050.0,Baseline,272.22304630476174,75.09563076028877,0.0,62.622811843338496,202.3185200364096,77.78725915567279,0.0,19.10726864559764,474.54156634117135,234.61297040489768,709.1545367460694,2.05
207,3400.0,Baseline,323.31867706505,36.20794791574268,26.414863927597253,31.77778763614929,248.3279915559342,36.89874467586964,0.0,12.842739651237325,598.0615325485815,117.72721987899892,715.7887524275793,0.95
208,9100.0,Baseline,335.5266249807919,107.73278703802515,0.0,83.13799020079972,152.54861055672518,100.44060486395354,0.0,23.859441551697106,488.0752355375171,315.1708236544755,803.2460591919917,3.05
209,5200.0,Baseline,419.2594120188169,52.89123775348717,30.246752447312247,48.579990399969276,204.40922502071044,57.48778328824028,0.0,14.928782481699471,653.9153894868396,173.8877939233962,827.8031834102367,1.6
210,2600.0,Baseline,448.15064977230395,27.775427814456915,51.05131503282428,23.975643899765025,237.92136440918694,30.577085470107882,0.0,10.398828823501235,737.1233292143152,92.72698600783106,829.8503152221456,0.8
211,8000.0,Baseline,451.9260775867606,84.60007501829895,0.0,65.28629585535417,193.6390379382301,87.78860201615271,0.0,21.725041652505677,645.5651155249907,259.4000145423115,904.9651300673031,2.5
212,4400.0,Baseline,512.5261526050599,48.245307544938875,17.040988310414832,39.700506672378545,241.72713328200552,51.478695881323446,0.0,13.203314547676975,771.2942741974803,152.62782464631783,923.9220988437974,1.2
213,6200.0,Baseline,536.7714601499993,66.26067609055258,0.0,53.62647902810907,230.06016902745978,70.19033753037762,0.0,16.748331594769507,766.831629177459,206.82582424380874,973.6574534212687,1.8
214,3600.0,Baseline,579.0321362405521,38.414556498600106,15.211922529510048,30.415904001431162,269.834602556406,39.228700472828145,0.0,13.214123423189248,864.0786613264681,121.27328439604867,985.3519457225157,1.05
215,8500.0,Baseline,593.4466927391513,79.34689201588493,0.0,73.49965367431751,201.84458386997176,92.11549828616985,0.0,22.208051097702864,795.2912766091231,267.17009507407516,1062.461371683199,2.75
216,4900.0,Baseline,648.7935847550361,49.50350890755035,23.99614476676834,45.18571639780937,248.77436575833235,53.33950425573133,0.0,14.842111970040389,921.5640952801368,162.87084153113142,1084.434936811267,1.4
217,2330.0,Baseline,674.2970936625861,21.54944782367019,47.63241334090708,19.64707117076904,282.4667988432939,26.45420968633137,0.0,9.63007229761371,1004.3963058467871,77.2808009783843,1081.6771068251728,0.7
218,8770.0,Baseline,671.8465414862567,94.0730327805531,0.0,76.56939488532574,205.55806537542412,102.8345659441786,0.0,22.324028501417118,877.4046068616808,295.80102211147454,1173.2056289731536,2.85
219,6000.0,Baseline,741.9195742668089,55.11709874776602,21.452296137560552,50.36487613255586,258.02775518704584,63.786559613288944,0.0,18.099672288461182,1021.3996255914153,187.368206782072,1208.7678323734872,1.7
220,4200.0,Baseline,773.0366730145743,43.503404595557235,28.31376767455913,38.14111537770815,283.67319942262657,44.32187699893188,0.0,13.873106107809186,1085.02364011176,139.83950308000644,1224.8631431917674,1.15
221,7500.0,Baseline,792.5400776101324,74.3592948942147,0.0,65.77671387807506,254.31395070153667,79.65218572311014,0.0,19.436971237032335,1046.854028311669,239.22516573243223,1286.0791940441013,2.2
222,3200.0,Baseline,842.8993725043474,32.82801291278352,32.94870096529121,28.30971807496307,305.6564183496848,35.41547673768167,0.0,13.124397084975914,1181.5044918193234,109.67760481040418,1291.1820966297273,0.9
223,9130.0,Baseline,851.7273854171308,92.09966695602803,0.0,71.76310027932949,238.46754689226327,97.99899453122998,0.0,22.964550384194983,1090.194932309394,284.8263121507825,1375.0212444601766,3.05
224,5230.0,Baseline,919.827052373159,57.40986132488519,14.35323895444526,47.917991415002795,288.54855000849057,58.048865855524696,0.0,16.963032093053346,1222.7288413360948,180.33975068846604,1403.0685920245596,1.6
225,2630.0,Baseline,953.2369136980433,25.944023945744195,36.32720642370441,22.384710408279513,324.212705455735,30.038373478383974,0.0,11.867090895261887,1313.7768255774827,90.23419872766956,1404.0110243051531,0.8
226,8030.0,Baseline,115.18093764378682,83.35100961267119,0.0,69.59085845634539,260.02112769708583,89.05658174717821,0.0,19.001347779633907,375.20206534087265,260.99979759582874,636.2018629367049,2.5
227,4430.0,Baseline,174.5319472564588,46.53167304585779,23.05918541048777,40.0069857347535,309.0707237095121,50.0809897687506,0.0,13.690608533333704,506.6618563764587,150.3102570826956,656.9721134591528,1.2
228,6230.0,Baseline,197.06362030231685,67.28506157258413,0.0,54.20250197408564,300.730321076835,69.5240771344935,0.0,17.50131860283134,497.7939413791519,208.5129592839946,706.3069006631449,1.8
229,3630.0,Baseline,240.34868187490065,39.780048933616136,14.422453040468099,29.675592448779867,340.57880576254865,40.11823029890864,0.0,13.293490391168232,595.3499406779174,122.86736207247289,718.2173027503886,1.05
230,8530.0,Baseline,256.1287308085175,84.8170528636631,0.0,69.43691574868984,270.54111293835194,90.9359108991909,0.0,21.76456521562955,526.6698437468694,266.9544447271734,793.6242884740423,2.75
231,4930.0,Baseline,316.9457836721813,50.270121683366625,19.166794065322392,40.30694906663156,321.170074770911,55.79871161480208,0.0,14.976564123717276,657.2826525084147,161.35234648851755,818.6349989969349,1.4
232,2360.0,Baseline,343.2159053555479,23.05291963778655,36.42082349416887,19.730028605929675,357.2387577797854,23.884578829669497,0.0,9.506262202654284,736.8754866295021,76.17378927604001,813.0492759055414,0.7
233,8800.0,Baseline,342.2688249933344,90.15905248401909,0.0,76.91591255806946,270.19922366746687,91.70220416132696,0.0,23.912846767135463,612.4680486608013,282.690015970551,895.1580646313523,2.85
234,6030.0,Baseline,408.427877477352,69.4265942075142,7.48931835055555,57.86270767329881,304.03872015549496,69.80657581312259,0.0,15.526453186961902,719.9559159834025,212.62233088089752,932.578246864301,1.75
235,4230.0,Baseline,453.85447168486644,40.29986407634958,25.05216194750392,35.93676675736215,337.9085292112577,47.28193322329283,0.0,12.724787190735784,816.8151628436281,136.24335124774035,953.0585140913681,1.15
236,7530.0,Baseline,470.1543357612172,78.28957947573377,0.0,68.31681394287949,299.57299772080296,87.94470239208061,0.0,19.53587896364916,769.7273334820202,254.08697477434305,1023.814308256362,2.25
237,3230.0,Baseline,524.4439152369523,32.92649382592064,35.39032011695599,29.08904960283717,358.4286505100463,37.30324796913287,0.0,12.315460925364167,918.2628858639546,111.63425232325484,1029.8971381872107,0.9
238,9160.0,Baseline,533.3704090628744,100.20549143330648,0.0,80.80119250932985,279.2045842563348,104.08690015290128,0.0,25.287732273562955,812.5749933192092,310.38131636910055,1122.9563096883103,3.1
239,5260.0,Baseline,609.5759004961801,51.48397985196039,29.317212657369964,41.72586012879309,341.56562428044344,61.581675727486974,0.0,15.969465826944116,980.4587374339935,170.76098153518458,1151.2197189691797,1.6
240,2660.0,Baseline,637.0598803481407,29.850917966216226,41.192154819946154,23.658387773859292,379.4889122340719,30.282778402040474,0.0,11.946512718171547,1057.7409474021588,95.73859686028754,1153.479544262449,0.8
241,8060.0,Baseline,642.9107983143585,87.99889205583618,0.0,68.68739189282869,317.9359492812546,91.0803495358746,0.0,22.096960199381456,960.8467475956131,269.86359368392095,1230.7103412795332,2.5
242,4460.0,Baseline,706.9096903701939,47.28496376581051,21.40242812701763,41.86636335171932,367.1499354654079,50.921861600966054,0.0,14.771642906737123,1095.4620539626194,154.844831625233,1250.3068855878555,1.2
243,6260.0,Baseline,730.1946541360048,63.740502682963935,0.0,58.94087010053429,358.6592157616142,70.15368685623186,0.0,19.62951599849859,1088.853869897619,212.4645756382287,1301.3184455358496,1.8
244,3660.0,Baseline,769.9351568189704,39.761340823417264,19.17952927711667,28.97311912888101,399.8397834889656,40.87816286811258,0.0,12.928562426355688,1188.9544695850527,122.54118524676653,1311.4956548318187,1.05
245,8560.0,Baseline,785.6964976423878,82.08882461130737,0.0,76.37619212434082,330.4055780274284,97.15014523739022,0.0,22.829204754629107,1116.1020756698163,278.44436672766756,1394.5464423974809,2.75
246,4960.0,Baseline,843.7853222536942,54.57169881646314,21.804493307878147,45.00434520095644,382.5513780638612,52.06766471109977,0.0,14.764909781403972,1248.1411936254335,166.40861850992331,1414.5498121353558,1.4
247,2390.0,Baseline,874.3570210701582,24.756948280864663,42.051890227969125,20.602890119115266,414.01615265584405,26.813455029659217,0.0,10.226517292778915,1330.4250639539714,82.39981072241807,1412.824874676393,0.7
248,8830.0,Baseline,875.1139693510231,89.11572876463985,0.0,72.4635974625726,341.90506180537704,94.08402486684616,0.0,23.456162682290607,1217.0190311564002,279.1195137763492,1496.13854493275,2.85
249,6060.0,Baseline,940.2296981156614,66.09505531640788,6.368542146166874,57.18579889224477,378.80328777997784,71.57094971594663,0.0,18.184564061026553,1325.4015280418062,213.03636798562582,1538.4378960274335,1.75
250,4260.0,Baseline,982.324753432069,41.26819217984724,22.286148858565866,36.11306793101157,414.26116956491387,48.57658269228993,0.0,12.860978400509683,1418.8720718555487,138.81882120365844,1557.6908930592072,1.15
251,7560.0,Baseline,159.59294561191564,81.08776973431931,0.0,65.51848800772969,374.63071130473327,83.82250655094903,0.0,20.938396241138058,534.2236569166489,251.3671605341361,785.5908174507858,2.25
252,3260.0,Baseline,216.68071534623596,33.10858081688131,32.40990719084584,24.635687257518466,433.817530598164,33.866414579659704,0.0,12.405608973002515,682.9081531352458,104.01629162706199,786.9244447623132,0.9
253,9190.0,Baseline,225.7892961631187,106.11132888459179,0.0,77.5660702813926,341.05214046020774,103.44243878959416,0.0,26.437781285459074,566.8414366233264,313.5576192410376,880.39905586436,3.1
254,5290.0,Baseline,307.9006250477105,48.99263150148288,28.57343877990934,46.467858542151255,398.0267207076504,60.470570368459875,0.0,16.071002893713498,734.5007845352702,172.0020633058075,906.502847841075,1.6
255,2690.0,Baseline,332.8932565491923,26.159320388972514,48.88197693308757,22.588573077914262,435.90871799819433,29.5661844325078,0.0,10.343730768255233,817.6839514804742,88.6578086676498,906.3417601481233,0.8
256,8090.0,Baseline,335.05257693816384,84.15786388395432,0.0,70.07252186732603,382.7150666904272,82.5670419186686,0.0,22.109857312891492,717.767643628591,258.90728498284045,976.6749286114282,2.5
257,4490.0,Baseline,395.21044082211665,43.44272039575907,26.62980147156486,39.60955211322906,425.67255649586514,49.61736826640301,0.0,14.325080623953003,847.5127987895467,146.99472139934414,994.507520188894,1.25
258,6290.0,Baseline,414.6531612178769,66.98020110021574,0.0,53.03767675151447,421.51140049533205,71.37502427375622,0.0,16.331173496564993,836.164561713209,207.72407562205143,1043.8886373352616,1.85
259,3690.0,Baseline,457.63336231809444,39.14790863068103,13.889768120832741,31.464323983880274,461.42210078520657,42.75654049482351,0.0,11.462167437333033,932.9452312241337,124.83094054671785,1057.7761717708527,1.05
260,8590.0,Baseline,472.7812709487771,97.44663094582697,0.0,67.3799815685668,384.70612087034897,97.97221667570277,0.0,21.222112228879244,857.4873918191261,284.02094141897584,1141.5083332381,2.75
261,4990.0,Baseline,546.2279018946028,53.20802480781311,14.171956760754256,43.454850802715974,439.22348674333625,57.90065429637317,0.0,14.865064879932175,999.6233453986933,169.42859478683442,1169.0519401855272,1.45
262,2420.0,Baseline,575.4359267024156,24.720540055661584,32.90626750780575,17.909808037276367,479.2143330024337,26.228060360391495,0.0,10.208445664539404,1087.556527212655,79.06685411786884,1166.6233813305225,0.7
263,8860.0,Baseline,576.1564667580787,82.38282737066518,0.0,66.91586319442479,406.9597783428144,86.00094558834495,0.0,20.849033825852125,983.1162451008931,256.14866997928704,1239.2649150801808,2.3
264,6090.0,Baseline,634.5392941287428,41.91955719997448,24.996305994452996,34.795220763985675,458.1655031671726,48.065112756223655,0.0,13.043024780373873,1117.7011032903683,137.82291550055768,1255.5240187909258,1.15
265,4290.0,Baseline,652.4588513287163,101.61045486051341,0.0,80.02151831845653,384.3901695028653,112.08557674134325,0.0,23.70900204913049,1036.8490208315816,317.42655196944366,1354.275572801027,3.25
266,7590.0,Baseline,730.0693061892307,31.686621570154568,48.3348967482998,27.31376696475863,469.16197927945177,32.35787628370963,0.0,12.127535660156633,1247.5661822169823,103.48580047877947,1351.0519826957643,0.85
267,3290.0,Baseline,737.7559277593864,72.77905039014466,2.86961332291321,54.40010901161361,447.119746551547,80.9940150688546,0.0,17.173944848508402,1187.7452876338466,225.34711931912128,1413.092406952972,1.95
268,9220.0,Baseline,786.5349781495315,48.61435942743899,8.655362907087692,38.765456708416785,489.3483049119859,55.321439773381314,0.0,14.620748342255476,1284.5386459686051,157.32200425149256,1441.8606502201,1.35
269,5320.0,Baseline,811.1493375769714,90.66730435682396,0.0,69.51451799702653,431.9087419470234,96.80095501770809,0.0,20.836397838329667,1243.0580795239948,277.8191752098883,1520.877254733885,2.65
270,2720.0,Baseline,877.816641933794,23.530489387949924,45.98402860907663,19.165351424764683,509.54434553996543,23.745487888717072,0.0,9.645673606502413,1433.345016082836,76.08700230793409,1509.432018390773,0.65
271,8120.0,Baseline,877.3471313217451,71.77392016572806,0.0,65.25265994633625,461.4126333504646,86.20628210379769,0.0,16.652073567151504,1338.7597646722097,239.88493578301353,1578.644700455221,2.05
272,4520.0,Baseline,925.1210514874729,35.43290629425552,29.81975365207836,29.397303570761824,518.2216118835022,38.641063697964974,0.0,11.827962629068505,1473.1624170230534,115.29923619205081,1588.4616532151013,0.95
273,6320.0,Baseline,936.553957781729,97.36410552721759,0.0,76.96853410593785,441.7470931711505,98.87815545617524,0.0,23.966473009402137,1378.3010509528795,297.17726809873284,1675.47831905161,3.05
274,3720.0,Baseline,1009.9180633089454,51.36755220957392,25.60098189636483,47.040771175865444,493.58447745145895,60.53663898739825,0.0,15.9897457183682,1529.1035226567692,174.9347080912058,1704.0382307479777,1.6
275,8620.0,Baseline,1037.2856155185182,28.040693184265894,44.601059887965675,23.08669014783799,531.0344262910221,28.838706662747054,0.0,10.84981655812958,1612.921101697506,90.81590655298052,1703.7370082504858,0.8
276,5020.0,Baseline,0.0,84.82212123052038,0.0,72.35746035027833,0.0,82.95598066103281,0.0,20.963805972393033,0.0,261.09936821422457,261.0993682142289,2.5
277,2320.0,Baseline,60.82212123052159,42.177339192106956,30.18012115816964,35.26394234717876,47.692038313856756,46.445911614837236,0.0,14.767191871122037,138.69428070254799,138.65438502524498,277.3486657277899,1.2
278,7720.0,Baseline,78.99946042263036,64.63147145076807,0.8125920545789995,52.86193227124245,41.27601765744839,62.6367853320431,0.0,17.18250475807453,121.08807013465776,197.31269381212815,318.4007639467891,1.8
279,4120.0,Baseline,119.63093187339837,39.02608462952582,14.648439696298738,34.57073522777344,69.34206776171777,41.89258114746179,0.0,13.35896249697723,203.62143933141488,128.84836350173828,332.46980283315133,1.05
280,9420.0,Baseline,134.6570165029225,93.34823971015992,0.0,73.95298325042506,0.0,93.88143571655772,0.0,22.662759786037974,134.6570165029225,283.8454184631807,418.5024349661071,2.75
281,2920.0,Baseline,204.00525621308407,50.25370640569274,23.699276844734413,44.14984020781306,49.73159550874334,53.45902419709406,0.0,14.295077527303146,277.4361285665618,162.157648337903,439.5937769044649,1.4
282,6520.0,Baseline,230.25896261877642,23.588087473024068,44.26102957952389,19.513026517597037,83.67759318824028,27.472873588222868,0.0,9.576490878946002,358.1975853865406,80.15047845778997,438.3480638443325,0.7
283,4820.0,Baseline,229.84705009180107,83.46067918114002,0.0,76.11581835484336,15.348025337603758,98.14703497417499,0.0,19.869459177919243,245.19507542940482,277.5929916880776,522.7880671174826,2.85
284,8320.0,Baseline,289.30772927293947,59.39110954859602,16.72470880624678,54.69518499346069,58.79987531832012,73.79016420858068,0.0,18.648951403105148,364.83231339750637,206.52541015374254,571.3577235512494,1.7
285,2220.0,Baseline,324.6988388215359,46.23216058265081,25.18773321705521,36.12731401517223,96.46272551173024,44.99411387144934,0.0,11.809602580447626,446.34929755032135,139.16319104972,585.5124886000413,1.15
286,7070.0,Baseline,346.9309994041869,75.6211521164642,0.0,59.42667311613354,67.72406138280712,85.86071402397349,0.0,19.05469707584595,414.655060786994,239.96323633241718,654.6182971194103,2.2
287,3420.0,Baseline,398.55215152065284,31.599205054917668,27.827468061215768,26.904949451116668,126.67982595566355,36.148264365307305,0.0,11.564492360537196,553.0594455375322,106.21691123187884,659.2763567694092,0.9
288,9120.0,Baseline,406.1513565755704,96.0935346073775,0.0,86.49430518043036,34.972668045495084,93.59655278608395,0.0,25.47487196693213,441.1240246210655,301.659264540824,742.7832891618891,3.05
289,5220.0,Baseline,478.2448911829488,55.43210828263472,31.06219689779391,47.16038006232757,81.40884076925067,56.56504301619314,0.0,15.21684489117796,590.7159288499934,174.3743762523334,765.0903051023233,1.6
290,2620.0,Baseline,509.67699946558423,27.47688678359132,50.745690176529024,25.010507775438278,112.96337601000414,30.93131048784811,0.0,11.589106330096332,673.3860656521174,95.00781137697403,768.3938770290915,0.8
291,8020.0,Baseline,513.1538862491761,85.51831088052955,0.0,68.74616929584974,65.38640427344217,89.7849158799177,0.0,20.293624439480933,578.5402905226183,264.3430204957779,842.883311018395,2.5
292,4420.0,Baseline,574.6721971297047,45.7020712547073,23.044098041144025,37.76204885619941,117.40927129716147,50.66462703360671,0.0,13.404982083331754,715.1255664680102,147.53372922784519,862.659295695852,1.2
293,6220.0,Baseline,596.3742683844102,61.43694641187452,0.0,56.31261569222906,111.13048312400497,72.53010306603488,0.0,17.74482104532901,707.5047515084152,208.02448621546748,915.5292377238839,1.8
294,3620.0,Baseline,633.8112147962856,37.35319585492794,18.95941983730154,31.436849214679455,152.22373697536023,43.00376604576168,0.0,13.628618307424597,804.9943716089474,125.42242942279368,930.4168010317408,1.05
295,8520.0,Baseline,647.164410651214,88.1130787092824,0.0,76.35935651197391,81.15133685184628,95.25276579829205,0.0,21.60855082661556,728.3157475030603,281.3337518461639,1009.6494993492233,2.75
296,4920.0,Baseline,711.2774893604947,50.99663232181385,25.362724190159497,42.71275267548783,133.69134997465153,58.4174679710472,0.0,14.907144534776934,870.3315635253057,167.03399750312582,1037.3655610284331,1.4
297,2350.0,Baseline,738.2741216823088,24.519904316546842,43.55557254909945,18.432615393296366,173.676202552404,25.37749755807542,0.0,10.243230754220761,955.5058967838122,78.5732480221394,1034.0791448059535,0.7
298,8790.0,Baseline,738.7940259988573,90.3526581992539,0.0,72.6435640504253,98.04566580319442,102.19395550102969,0.0,22.88283345494584,836.8396918020517,288.0730112056547,1124.912703007707,2.85
299,6020.0,Baseline,805.1466841981128,60.57566642369975,12.067897626722697,52.39000234845132,147.84961895576998,68.87393499552502,0.0,15.65957792408827,965.0642007806055,197.49918169176436,1162.5633824723736,1.75
300,4220.0,Baseline,841.7223506218143,41.13223905799314,23.325660917183995,36.20672391713368,180.5168300341611,46.54800424751048,0.0,12.627573868816892,1045.5648415731594,136.5145410914542,1182.0793826646113,1.15
301,7520.0,Baseline,18.85458967980594,79.42253194906439,0.0,65.44065211987922,141.73403504704402,90.68692653797588,0.0,21.5239916338179,160.58862472684996,257.0741022407374,417.66272696758824,2.25
302,3220.0,Baseline,74.2771216288711,34.793560099215114,30.647092020662967,27.066105363703826,205.35485622131455,37.70601528482923,0.0,11.509424543077248,310.2790698708486,111.0751052908254,421.3541751616758,0.9
303,9150.0,Baseline,85.07068172808795,105.61599438437396,0.0,79.88109382590514,115.27698068023165,91.43144176367746,0.0,23.41227113887527,200.3476624083196,300.34080111283185,500.68846352114997,3.1
304,5250.0,Baseline,166.686676112462,60.77847171246911,19.102622113434336,48.442110498908725,158.26631194500078,56.03630527581284,0.0,15.850784812909925,344.0556101708971,181.1076723001006,525.1632824709959,1.6
305,2650.0,Baseline,203.4651478249325,27.49418778188346,40.05054483046115,22.47632264228589,191.82629457852454,33.02738309856277,0.0,11.141485363804659,435.3419872339182,94.13937888653678,529.4813661204571,0.8
306,8050.0,Baseline,206.95933560681442,74.59720744671834,0.0,73.2027749778498,139.58056272527028,88.37276975960832,0.0,21.913826708683676,346.5398983320847,258.0865788928602,604.6264772249415,2.5
307,4450.0,Baseline,257.55654305353164,44.57668826109007,28.626086716758437,39.80522209624261,188.14811038863627,51.69791305286473,0.0,12.933568105685346,474.33074015892635,149.01339151588274,623.3441316748067,1.2
308,6250.0,Baseline,278.1332313146231,62.05759411707805,6.37371469592108,56.42480127820878,183.42122216329153,68.29455662894703,0.0,18.346980956564156,467.92816817383573,205.12393298079803,673.0521011546334,1.8
309,3650.0,Baseline,316.19082543170225,39.1513941694986,23.64712180463175,30.316513185818533,221.39926560641834,39.28399065288465,0.0,12.87425698512413,561.2372128427523,121.62615499332591,682.8633678360784,1.05
310,8550.0,Baseline,331.34221960119976,83.02922189776032,0.0,78.0010357047661,153.61663364723063,103.26550524525874,0.0,20.267211764434645,484.9588532484304,284.5629746122198,769.521827860648,2.75
311,4950.0,Baseline,390.37144149895903,52.42191840458628,25.57911730017804,43.67286551211855,213.20927338036927,57.59356588289166,0.0,15.58656243716889,629.1598321795063,169.27491223676537,798.434744416274,1.4
312,2380.0,Baseline,418.79335990354593,23.405191730840205,45.84679108145792,20.191904813494936,250.61093444976723,27.299969442357565,0.0,9.616816961229318,715.2510854347711,80.51388294792203,795.7649683826894,0.7
313,8820.0,Baseline,418.1985516343848,83.43132662055903,0.0,80.75727325578761,179.76099991072988,94.17879846715853,0.0,23.881315662821567,597.9595515451147,282.24871400632674,880.2082655514387,2.85
314,6050.0,Baseline,477.629878254942,60.53665506886398,20.220618186926004,54.86442197325615,219.07537640463124,66.76905808053097,0.0,17.131317916760448,716.9258728464993,199.30145303941157,916.2273258859095,1.75
315,4250.0,Baseline,514.1665333238052,42.75207837471197,32.3329617854688,34.79045282189994,251.05398166326268,45.80157035579838,0.0,13.950795584040728,797.5534767725367,137.29489713645103,934.8483739089897,1.15
316,7550.0,Baseline,532.9186116985184,76.49222419163911,0.0,63.37318143676985,224.11356099801924,84.77988807768244,0.0,21.046411335709408,757.0321726965376,245.6917050418008,1002.7238777383391,2.25
317,3250.0,Baseline,585.4108358901576,36.214787234991995,27.15839420177872,28.583578276294315,280.3098707994068,35.04073298357584,0.0,12.098070208320031,892.8791008913431,111.93716870318218,1004.8162695945284,0.9
318,9180.0,Baseline,597.62562312515,89.07731530051639,0.0,80.42792721294624,201.58733374759322,102.35767222634543,0.0,25.188152970810837,799.2129568727432,297.0510677106189,1096.2640245833645,3.1
319,5280.0,Baseline,662.7029384256675,56.68274733513425,23.745179877812916,45.9709721048376,257.9740338691008,60.27226257118091,0.0,15.525921625550254,944.4221521725813,178.45190363670304,1122.8740558092832,1.6
320,2680.0,Baseline,695.3856857608007,28.494936573663356,41.22121540898661,20.61822603099065,297.62807040928965,29.100978109508002,0.0,11.122765734517419,1034.234971579077,89.33690644867943,1123.5718780277602,0.8
321,8080.0,Baseline,699.8806223344654,81.26672355296817,0.0,62.68936296096354,244.61240344484395,83.94385714346676,0.0,22.06493940927547,944.4930257793094,249.96488306667393,1194.4579088459832,2.5
322,4480.0,Baseline,757.1473458874352,47.770848839604476,14.918514121356566,37.814915531162484,290.74134505714756,47.91546468670187,0.0,13.792300502904638,1062.8072050659393,147.29352956037349,1210.100734626314,1.25
323,6280.0,Baseline,780.9181947270408,71.5305441348223,0.0,52.41500213049758,267.4446931310522,68.2196624142401,0.0,17.21917086435567,1048.362887858093,209.38437954391566,1257.7472674020064,1.85
324,3680.0,Baseline,828.4487388618618,39.846229450746094,12.568772679751419,32.87833513815579,302.7860204071367,43.15612317944321,0.0,12.98057277289282,1143.8035319487499,128.86126054123793,1272.664792489988,1.05
325,8580.0,Baseline,844.2949683126062,83.594289614043,0.0,76.32074910886294,231.4742126815836,91.70423173873135,0.0,23.006846211512762,1075.7691809941898,274.62611667315,1350.395297667339,2.75
326,4980.0,Baseline,63.889257926650316,51.4296690839299,24.891080024932307,40.98775006138719,282.19069435892743,58.72910407329484,0.0,15.0832872162664,370.97103231051005,166.22981043487835,537.2008427453911,1.45
327,2410.0,Baseline,91.3189270105795,23.407202796009415,42.4716272903097,17.55551771771176,323.36428071451155,26.243261796488724,0.0,10.675773717030058,457.15483501540075,77.88175602723994,535.0365910426408,0.7
328,8850.0,Baseline,90.7261298065896,78.39185822543203,0.0,65.66220077304683,265.5806285205399,81.32508691668794,0.0,19.558817988039227,356.3067583271295,244.93796390320605,601.2447222303381,2.3
329,6080.0,Baseline,145.11798803202328,43.154181260581716,22.50801951246467,34.87138264390642,312.0343327933224,44.1575200348287,0.0,13.247437351792057,479.66034033781034,135.4305212911089,615.0908616289162,1.15
330,4280.0,Baseline,164.27216929260612,100.09204606613702,0.0,85.19058854775055,228.288620370633,93.56518118519105,0.0,22.174718783796255,392.5607896632391,301.02253458287487,693.5833242461122,3.25
331,7580.0,Baseline,240.3642153587425,31.293635769530745,53.89695277821738,27.403943515326638,294.4498580404943,31.447465775459737,0.0,11.594725532386956,588.7110261774542,101.73977059270408,690.4507967701611,0.85
332,3280.0,Baseline,247.65785112827507,66.4795700444916,14.821326249053527,58.67327944187622,267.2240443740775,68.94724201540834,0.0,17.43767209214127,529.7032217514061,211.53776359391742,741.2409853453246,1.95
333,9210.0,Baseline,290.13742117276706,46.55303790905519,26.941567781872436,42.20201807644029,293.9692683130452,52.58479090496241,0.0,15.371808988415513,611.0482572676847,156.71165587887342,767.7599131465613,1.35
334,5310.0,Baseline,312.69045908182306,86.23983132048099,0.0,71.74654882538182,257.71126493046177,95.91568195943952,0.0,18.620553348623908,570.4017240122848,272.5226154539263,842.924339466208,2.65
335,2710.0,Baseline,374.9302904023025,24.46808434516347,47.278464480215916,19.637767774063153,333.98917911583703,24.561505124040966,0.0,9.064139258803468,756.1979339983554,77.73149650207105,833.9294305004296,0.65
336,8110.0,Baseline,375.39837474746673,74.54397296522339,0.0,58.34258355413302,292.58035997479965,82.82443330601573,0.0,18.784168552013398,667.9787347222664,234.49515837738556,902.4738930996573,2.05
337,4510.0,Baseline,425.9423477126911,33.98587648034886,24.35670707378449,30.96827651766783,344.43651676314767,36.68519205686826,0.0,12.69460732442318,794.7355715496233,114.33395237930813,909.0695239289344,0.95
338,6310.0,Baseline,435.9282241930414,95.5994698572755,0.0,78.88188219521045,261.96534035898367,101.52914206619847,0.0,21.324992445381046,697.893564552025,297.33548656406543,995.2290511160936,3.05
339,3710.0,Baseline,507.5276940503172,54.40409317243611,24.477789022774232,46.782534615067455,316.7119478101158,52.65134582810621,0.0,17.405060264318482,848.7174308832073,171.24303387992825,1019.9604647631386,1.6
340,8610.0,Baseline,537.9317872227548,28.327330057252922,42.93299358058721,22.62721278551388,346.73608085270826,32.67900274790544,0.0,10.223690202013662,927.6008616560503,93.8572357926859,1021.4580974487362,0.8
341,5010.0,Baseline,542.2591172800094,88.26099220014494,0.0,73.39628158122628,283.31801618534155,84.98140353076015,0.0,21.228385752189993,825.5771334653509,267.8670630643213,1093.4441965296755,2.5
342,2310.0,Baseline,606.520109480156,44.26601036541937,29.130271215806715,39.90302201465789,328.39639770144277,51.088057471738665,0.0,13.552773190967669,964.0467783974054,148.80986304278358,1112.8566414401903,1.2
343,7710.0,Baseline,626.7861198455757,61.3097747914228,7.72351843904471,50.329817042721224,329.1546381304579,66.91666093422265,0.0,17.41019806715722,963.6642764150783,195.9664508355239,1159.630727250602,1.8
344,4110.0,Baseline,664.0958946369974,36.41560802767959,21.637727454086416,35.93350613447553,360.13779293020343,41.524940558344134,0.0,11.694375137891985,1045.8714150212872,125.56842985839124,1171.439844879682,1.05
345,9410.0,Baseline,676.5115026646781,85.94460681173655,0.0,78.13708741792625,295.15227284744833,87.62205934136159,0.0,22.02636816829069,971.6637755121264,273.73012173931505,1245.3938972514406,2.75
346,2910.0,Baseline,738.456109476414,46.54569505559273,31.591392362333863,42.161744005075,340.61258818373244,53.14518253178682,0.0,16.002052799886545,1110.6600900224803,157.85467439234108,1268.51476441482,1.4
347,6510.0,Baseline,761.0018045320066,23.75561824943233,49.99751811797614,20.366093193080374,373.39167752243884,26.276556336837203,0.0,11.235396706411665,1184.3910001724216,81.63366448576157,1266.0246646581836,0.7
348,4810.0,Baseline,760.7574227814403,90.36735600915291,0.0,77.14779258601844,302.5166965751596,99.07640098353001,0.0,24.168376079859705,1063.2741193565998,290.75992565856103,1354.0340450151598,2.85
349,8310.0,Baseline,827.1247787905922,62.72373981652351,14.424052769496484,49.3122156886506,352.2808818700396,70.09456092276437,0.0,15.914961719273792,1193.8297134301283,198.0454781472123,1391.8751915773391,1.7
350,2210.0,Baseline,865.8485186071157,47.53556173399895,16.200706724146585,36.68413893442774,385.69130385837707,42.538009064860844,0.0,13.393803737672028,1267.7405291896393,140.15151347095957,1407.8920426605982,1.15
1,8542.0,S2 Improvement,0.0,86.1665177235316,0.0,60.773413261489885,0.0,97.67840253001911,0.0,19.220790354479476,0.0,263.8391238695201,263.8391238695201,1.42
2,3210.0,S2 Improvement,62.1665177235316,36.73286461676894,24.04054864472093,22.853614296737344,74.8247882332818,41.559005036949955,0.0,12.1022949125649,161.03185460153432,113.24777886302114,274.27963346455545,2.15
3,6400.0,S2 Improvement,71.89938234030055,64.90914975079966,0.0,49.411763003322605,48.95704345756775,74.81598009202112,0.0,22.190123411780757,120.8564257978683,211.32701625792413,332.1834420557924,0.88
4,9120.0,S2 Improvement,109.8085320911002,83.45456298027234,0.0,64.48271357460871,25.24750999803041,96.34030210632076,0.0,24.02234920877109,135.0560420891306,268.2999278699729,403.3559699591035,3.1
5,4500.0,S2 Improvement,176.26309507137256,49.355025827200755,15.127687747407947,31.90509833513432,89.68271376921689,51.94354496394841,0.0,14.94475484920032,281.0734965879974,148.1484239754838,429.22192056348115,1.75
6,2800.0,S2 Improvement,208.6181208985733,30.256891836183108,16.775894246359144,20.528728186668854,121.09753054649644,32.643926114030606,0.0,11.034133254618629,346.4915456914289,94.46367939150119,440.95522508293004,1.2
7,7300.0,S2 Improvement,215.8750127347564,72.42663630041022,0.0,50.7510101814008,67.86843261174397,78.2259982861749,0.0,19.10489156563577,283.7434453465004,220.5085363336217,504.25198168012207,2.45
8,5100.0,S2 Improvement,265.30164903516663,54.9390050460297,0.0,33.386364442087405,108.52007159120257,59.09195563580165,0.0,15.906442163688991,373.8217206263692,163.32376728760772,537.145487913977,0.95
9,3900.0,S2 Improvement,296.24065408119634,44.224539513738534,0.0,28.446389869195492,128.3274622861577,43.54158173457325,0.0,13.208953854406776,424.56811636735404,129.42146497191405,553.989581339268,1.8
10,8800.0,S2 Improvement,313.4651935949348,92.35572587225222,0.0,62.20817254459003,45.75153547308412,96.97552586133612,0.0,23.67182276859708,359.21672906801894,275.2112470467755,634.4279761147944,2.9
11,6100.0,S2 Improvement,379.8209194671871,64.87107800613357,0.0,42.001789295259556,98.06236657761724,65.02729017611661,0.0,16.14859684242035,477.8832860448043,188.04875431993008,665.9320403647343,1.35
12,4200.0,S2 Improvement,421.6919974733206,43.577226969606265,0.0,30.220607171207035,131.29361190818008,46.53512327012155,0.0,13.564846320370828,552.9856093815007,133.8978037313057,686.8834131128064,2.05
13,7600.0,S2 Improvement,438.2692244429269,80.58092387301082,0.0,56.24415456710884,71.22426390938892,86.94162461322941,0.0,21.181516843481706,509.4934883523158,244.94821989683078,754.4417082491466,1.15
14,2400.0,S2 Improvement,493.85014831593776,23.26877504430924,32.975379522799585,16.898841128097704,141.26704739452066,26.714355983227417,0.0,10.219816796385128,668.092575233258,77.10178895201949,745.1943641852777,0.7
15,9500.0,S2 Improvement,491.118923360247,99.91675214077948,0.0,62.2468961224618,55.69197576540421,110.00292177137929,0.0,24.934555028435078,546.8108991256512,297.10112506305563,843.9120241887069,3.3
16,3100.0,S2 Improvement,565.0356755010265,35.05878532972353,27.188110792738257,22.521906443585166,143.17299109319833,34.202751194105595,0.0,10.97427643516186,735.3967773869631,102.75771940257614,838.154496789539,1.1
17,5800.0,S2 Improvement,574.09446083075,60.63094162726813,0.0,40.060394631029595,126.39442326532958,66.45792205383735,0.0,16.90666700875038,700.4888840960796,184.05592532088548,884.5448094169651,1.9
18,8200.0,S2 Improvement,607.7254024580182,87.64464675565199,0.0,62.636790299727025,82.63130289481751,95.91933917093446,0.0,19.662863916086806,690.3567053528357,265.86364014240024,956.220345495236,2.6
19,4100.0,S2 Improvement,670.3700492136702,48.07616723046542,14.56062306926151,29.421898976458113,149.12874308929395,46.370411888412285,0.0,13.277643809936075,834.0594153722257,137.1461219052719,971.2055372774976,1.25
20,6700.0,S2 Improvement,693.4462164441356,73.73637436788701,0.0,49.184187307491584,116.56111534804722,74.58143902819289,0.0,16.77739961209519,810.0073317921829,214.27940031566666,1024.2867321078495,2.1
21,2900.0,S2 Improvement,742.1825908120227,29.93099428674206,19.25319302074945,22.678142416473356,168.46441195976672,30.45444982434009,0.0,10.900544822904354,929.9001957925389,93.96413135045985,1023.8643271429987,0.85
22,9300.0,S2 Improvement,747.1135850987648,100.65603117283054,0.0,64.36350036739186,75.83066568110712,111.65658590522597,0.0,24.153033858819168,822.9442507798719,300.82915130426755,1123.7734020841394,3.2
23,5400.0,S2 Improvement,822.7696162715954,54.179597471629435,10.183902895762458,38.67977768177673,148.80747390455645,58.523081976090914,0.0,16.266478891063443,981.7609930719143,167.64893602056054,1149.4099290924746,1.5
24,3600.0,S2 Improvement,851.9492137432248,37.25444381650395,11.609236761035163,25.154751063511387,182.17580481713594,41.00524464416215,0.0,12.927082444976431,1045.734255321396,116.34152196915392,1162.0757772905497,1.05
25,7800.0,S2 Improvement,864.2036575597288,78.78543207526238,0.0,55.41932303403587,125.74028217654632,85.44817137539665,0.0,18.805620995823453,989.9439397362751,238.45854748051835,1228.4024872167934,2.35
26,4900.0,S2 Improvement,92.98908963499116,52.66271234340826,2.7566106906276673,32.41346475555095,178.7749887963921,61.45421602822316,0.0,15.627065338654853,274.52068912201094,162.15745846583724,436.6781475878479,1.4
27,2200.0,S2 Improvement,123.65180197839936,22.28368370214592,12.886391744032608,14.674999907323903,225.55420491729137,23.201545199015708,0.0,10.129446429866551,362.09239863972334,70.28967523835207,432.3820738780753,0.65
28,8700.0,S2 Improvement,119.9354856805453,88.9898133228508,0.0,57.00805922954112,130.31926921527156,94.95892207435261,0.0,22.394966015258735,250.25475489581686,263.3517606420033,513.6065155378201,2.8
29,6000.0,S2 Improvement,184.92529900339605,64.68034769080079,0.0,40.83122951876641,176.77467330959826,68.39649948817834,0.0,17.602650429859374,361.6999723129943,191.51072712760492,553.210699440599,1.7
30,4300.0,S2 Improvement,226.60564669419682,51.36113881774753,0.0,30.85897632478239,203.78228717401294,48.147364149133566,0.0,14.926112040258378,430.38793386820976,145.29359133192185,575.6815252001315,1.15
31,7500.0,S2 Improvement,252.9667855119444,74.114764512182,0.0,46.6580512839322,162.0158118518143,86.12989398864394,0.0,18.771279482842505,414.9825973637587,225.67398926760066,640.6565866313595,2.2
32,3300.0,S2 Improvement,302.0815500241265,34.99893155314278,11.659119730789598,23.7165122240534,224.42919361640475,36.21085051289147,0.0,11.778223076585062,538.1698633713208,106.70451736667272,644.8743807379933,0.95
33,9100.0,S2 Improvement,312.0804815772692,97.65425121509047,0.0,63.61341490221045,134.74800996683825,98.15549480849094,0.0,24.584814106344567,446.82849154410746,284.0079750321364,730.8364665762438,3.05
34,5200.0,S2 Improvement,384.73473279235964,56.16464144765117,7.448773454559159,38.17084232543698,194.73266244989236,59.71053279844621,0.0,14.676336183585832,586.9161686968112,168.7223527551202,755.6385214519314,1.6
35,2700.0,S2 Improvement,417.89937424001073,25.978278153371996,19.641337626624136,19.745212362372264,234.69798288596667,31.706575737020366,0.0,11.034539827209503,672.2386947526015,88.46460607997412,760.7033008325752,0.8
36,8000.0,S2 Improvement,419.8776523933825,88.81012089512838,0.0,55.3557798363247,161.62520788053007,95.15867180307652,0.0,18.61967513230503,581.5028602739126,257.9442476668346,839.4471079407476,2.5
37,4600.0,S2 Improvement,482.6877732885109,47.59699526587338,7.758784570451553,32.62044752910727,224.16343215449933,50.42124755669793,0.0,15.47889461152377,714.6099900134618,146.11758496320235,860.7275749766641,1.3
38,6300.0,S2 Improvement,506.2847685543843,63.15471846147787,0.0,47.80931378458865,203.99987956468976,65.77485415509919,0.0,19.2984911271393,710.2846481190741,196.037377528305,906.3220256473787,1.85
39,3800.0,S2 Improvement,545.4394870158621,40.09550914429448,7.713804640294256,28.50510273407897,241.26963098570968,41.618322071763075,0.0,13.6593313606692,794.4229226418661,123.87826531080573,918.3011879526716,1.0
40,8900.0,S2 Improvement,561.5349961601564,99.67959183461869,0.0,61.11078059263688,158.3164880045906,104.80472591432677,0.0,25.658224263556782,719.851484164747,291.25332260513915,1011.1048067698862,2.95
41,5600.0,S2 Improvement,636.2145879947752,55.45172789589396,5.659052696742947,40.21061519586466,222.91059872305277,62.799193438582975,0.0,16.201507755751873,864.784239414571,174.66304428609348,1039.4472837006642,1.65
42,2500.0,S2 Improvement,668.666315890669,24.68556646501536,21.184101427592395,16.377268436277305,269.33252372535844,28.32999409495912,0.0,9.426344678735495,959.1829410436198,78.81917367498727,1038.0021147186071,0.75
43,7200.0,S2 Improvement,669.3518823556842,78.98083873798427,0.0,48.701518780791815,207.54153016541113,93.45519720975949,0.0,18.416512709846316,876.8934125210953,239.55406743838188,1116.4474799594777,2.15
44,4000.0,S2 Improvement,725.3327210936686,42.52860578257069,6.1729129982213635,29.408890264417444,271.5878371107533,40.09484820025964,0.0,12.34285610100157,1003.0934712026433,124.37520034824935,1127.4686715508924,1.1
45,9600.0,S2 Improvement,742.8613268762392,103.15290269421796,0.0,71.1748784743312,172.93670740510242,110.72143614240368,0.0,26.26379084398861,915.7980342813416,311.31300815494143,1227.1110424362832,3.35
46,3000.0,S2 Improvement,821.0142295704572,29.598522045148467,41.57635642918285,20.107810076439144,263.55033347106655,35.529304358813874,0.0,11.55503865491707,1126.1409194707066,96.79067513531855,1222.9315946060256,0.9
47,6500.0,S2 Improvement,825.6127516156057,66.39276497919025,0.0,46.37107297610437,247.9999663802082,70.20791841492547,0.0,17.865559767969863,1073.612717995814,200.83731613818995,1274.450034134004,1.95
48,4800.0,S2 Improvement,867.0055165947961,50.188187038159846,0.0,32.359357998317364,282.0314127347606,53.76843297015067,0.0,15.793862415577568,1149.0369293295566,152.10984042220542,1301.1467697517623,1.35
49,8400.0,S2 Improvement,892.1937036329559,84.0151350645808,0.0,57.441114301363235,226.70295433728506,92.40394559514816,0.0,21.73929180152362,1118.896657970241,255.5994867626158,1374.4961447328565,2.7
50,2100.0,S2 Improvement,951.2088386975365,21.010005603506166,36.43110869785687,15.197535073692388,303.9093648587409,21.37385323675276,0.3654385647705567,10.920483159169716,1291.9147508189048,68.50187707312102,1360.416627892026,0.6
51,7000.0,S2 Improvement,117.21884430104274,71.7281300179942,0.0,48.6624489366332,256.5212829124157,73.41113857171416,0.0,17.081591862489276,373.74012721345844,210.88330938883087,584.6234366022895,2.05
52,3500.0,S2 Improvement,164.94697431903705,35.98398373282436,12.678465203808628,25.40678014288804,304.5256413412417,36.47295923234488,0.0,13.728852127299774,482.15108086408736,111.59257523535706,593.7436560994447,1.0
53,9000.0,S2 Improvement,175.93095805186158,94.64984219531418,0.0,62.55611900322232,221.8778847217468,92.98406555739413,0.0,23.495485681737968,397.8088427736084,273.6855124376686,671.4943552112768,3.0
54,5300.0,S2 Improvement,245.58080024717583,53.369536180437684,9.186582822784658,36.08952679543839,278.77242348370237,61.13011801652473,0.0,17.384323665408857,533.5398065536629,167.97350465780966,701.5133112114722,1.55
55,2600.0,S2 Improvement,274.95033642761337,24.478867149046593,20.79724246917658,17.964088741301342,321.93845275892545,30.046334354141575,0.0,10.708389178576104,617.6860316557154,83.19767942306561,700.8837110787808,0.8
56,8100.0,S2 Improvement,275.4292035766598,84.20935601751363,0.0,56.55309005034528,249.9836722556861,96.30531350439678,0.0,21.32561891025964,525.4128758323459,258.39337848251535,783.8062543148612,2.55
57,4400.0,S2 Improvement,335.63855959417333,41.968803743350286,14.584286306995182,29.104545128194395,317.1844406318887,47.52837429470555,0.0,14.48917826241096,667.4072865330572,133.0909014286612,800.498187961718,1.2
58,6200.0,S2 Improvement,353.60736333752357,65.87323080091174,0.0,43.50507467032455,299.0233408905474,72.14545461837136,0.0,16.02823173025994,652.630704228071,197.5519918198676,850.1826960479384,1.8
59,3700.0,S2 Improvement,394.4805941384352,39.01908994668968,4.485984723634829,24.448442301907477,346.72035320701116,42.13825940978654,0.0,13.201941908313284,745.6869320690812,118.807733566697,864.4946656357783,1.05
60,8600.0,S2 Improvement,409.49968408512495,95.45724872379056,0.0,59.663966020325,262.6718248982247,104.71340337478424,0.0,21.163051828599976,672.1715089833497,280.9976699474998,953.1691789308497,2.75
61,5000.0,S2 Improvement,481.95693280891555,55.18166188852605,4.482304131799083,32.99428667016879,334.39094160284003,59.3120800104431,0.0,15.22896086669687,820.8301785435547,162.71698943583482,983.5471679793891,1.45
62,2300.0,S2 Improvement,514.1385946974415,23.140629872307237,14.335960929660814,15.421987701754407,378.28103391152854,27.515654151164625,0.0,8.936495300251933,906.7555895386308,75.0147670254782,981.7703565641095,0.7
63,7700.0,S2 Improvement,513.2792245697487,82.67050758716633,0.0,56.42551964000186,296.4586094669403,83.3049060295818,0.0,19.899335318661347,809.737834036689,242.3002685754113,1052.0381026121004,2.3
64,4150.0,S2 Improvement,570.9497321569152,45.287485349359635,11.138034290642281,29.367930464387076,350.39558503213493,49.90213346830034,0.0,13.912641375507068,932.4833514796924,138.47019065755413,1070.9535421372466,1.15
65,9400.0,S2 Improvement,592.2372175062746,101.47742159910435,0.0,62.275874036214354,277.050387620146,104.25544683920035,0.0,23.940943549031243,869.2876051264207,291.9496860235503,1161.2372911499706,3.25
66,2950.0,S2 Improvement,669.7146391053789,30.17300477615979,32.102869260054376,20.417120348079273,360.88871411126684,31.48860270391794,0.0,9.741038611669879,1062.7062224767,91.81976643982689,1154.5259889165272,0.85
67,6600.0,S2 Improvement,675.8876438815387,67.54956368055828,0.0,44.309649023952886,333.0380937188079,66.03057740477685,0.0,16.467849210529554,1008.9257376003466,194.35763931981757,1203.2833769201634,2.0
68,4700.0,S2 Improvement,719.4372075620968,44.94340680910076,0.0,34.69834293259454,363.7365704058416,54.67010100570293,0.0,15.191422467538654,1083.1737779679383,149.50327321493688,1232.6770511828754,1.3
69,8300.0,S2 Improvement,739.3806143711977,89.17699599443196,0.0,62.42760981059533,301.50040853911196,87.25744136629652,0.0,22.000282938705546,1040.8810229103096,260.86233011002935,1301.7433530203398,2.65
70,2250.0,S2 Improvement,803.5576103656294,23.969693471383554,38.457916339211806,15.432824495115273,373.32502541029316,25.949864738134444,0.0,9.252872233978353,1215.3405521151344,74.60525493861162,1289.9458070537466,0.65
71,7100.0,S2 Improvement,803.5273038370133,75.86374011852669,0.0,50.17796102460835,327.12392983961945,76.96253708805918,0.0,17.7779325290294,1130.6512336766327,220.7821707602236,1351.433404436857,2.1
72,3400.0,S2 Improvement,855.3910439555402,36.13225200079357,14.045709023815107,24.344994857807364,379.74147206987163,37.8187470777728,0.0,12.157048785028987,1249.178225049227,110.45304272140272,1359.6312677706292,0.95
73,9200.0,S2 Improvement,867.5232959563336,92.1934506754109,0.0,64.87270928796121,298.88476306589564,102.74537125712546,0.0,23.50858412222439,1166.4080590222293,283.3201153427219,1449.72817436495,3.15
74,5500.0,S2 Improvement,935.7167466317442,54.885156408029594,9.987552879931172,36.723819664669975,364.9063146583503,54.57549525909379,0.0,15.049629397002628,1310.6106141700257,161.234100728796,1471.8447148988225,1.65
75,2850.0,S2 Improvement,966.6019030397738,29.74740475146888,16.963967793132724,18.748089210241485,400.73372070720325,32.12860789068258,0.0,11.407454042002996,1384.2995915401098,92.03155589439595,1476.3311474345055,0.85
76,7900.0,S2 Improvement,136.3493077912426,83.4818336538063,0.0,58.75295498120738,326.33959696624606,88.66426234112883,0.0,21.915655478339623,462.6889047574887,252.81470645448215,715.5036112119706,2.4
77,4550.0,S2 Improvement,195.83114144504907,47.33389546479176,11.419059516415473,29.518802371441257,385.48505693593415,52.12170873519116,0.0,13.572249764707466,592.7352578973987,142.54665633613166,735.2819142335302,1.25
78,6400.0,S2 Improvement,219.16503690984064,67.8810868224658,0.0,48.689284106449286,361.97425663006743,72.92243620540494,0.0,17.489999614618483,581.1392935399081,206.9828067489385,788.122100288846,1.9
79,3750.0,S2 Improvement,263.0461237323061,40.055229361408344,8.634054745040885,24.437670210876746,410.4590226245955,42.76481834719446,0.0,12.772933885907268,682.1392011019425,120.03065180538682,802.1698529073292,1.0
80,8750.0,S2 Improvement,279.10135309371435,90.88188938243457,0.0,62.12859194954861,333.2850845957246,100.13204119224099,0.0,23.137955635173633,612.3864376894389,276.2804781593978,888.6669158488367,2.85
81,5150.0,S2 Improvement,345.9832424761489,59.22403860977543,2.904553339772974,33.47756116983896,399.9395646181265,58.83413030630565,0.0,15.4910758268847,748.8273604340484,167.02680591280472,915.8541663468523,1.5
82,2350.0,S2 Improvement,381.2072810859245,23.353913129599952,13.028201380011524,17.741783014448853,441.03191190998314,23.204930392984526,0.0,9.625470184284207,835.2673943759191,73.92609672131753,909.1934910972368,0.7
83,7650.0,S2 Improvement,380.56119421552467,86.036717865894,0.0,54.7233331343567,354.2467756971764,74.95086962573515,0.0,20.12471154909312,734.8079699127011,235.83563217507898,970.6436020877809,2.3
84,4050.0,S2 Improvement,442.59791208141905,40.98774820186035,13.73558493249675,29.271390122998827,399.9262551999127,49.376741840958715,0.0,12.512500694089523,856.2597522138285,132.1483808599074,988.4081330737363,1.1
85,9550.0,S2 Improvement,459.58566028327914,102.94794528082562,0.0,66.80566177280105,322.55636504274116,110.78578186312409,0.0,26.357287011184145,782.1420253260203,306.8966759279349,1089.038701253954,3.3
86,3050.0,S2 Improvement,538.5336055641046,31.568431631818687,35.23723014098232,23.136780606258313,410.2053662996068,31.072770170519636,0.0,10.78216067665232,983.9762020046937,96.56014308524895,1080.5363450899422,0.9
87,6550.0,S2 Improvement,546.102037195923,75.20180963461218,0.0,48.061231927062956,376.3891056556922,70.17365456819996,0.0,18.542564889349787,922.4911428516152,211.97926101922488,1134.4704038708396,1.95
88,4850.0,S2 Improvement,597.3038468305349,55.75206455816753,0.0,33.2958993553729,405.5760282374149,57.68947155888967,0.0,14.580917577378436,1002.8798750679498,161.31835304980854,1164.198228117758,1.35
89,8350.0,S2 Improvement,629.055911388702,81.74622414075898,0.0,58.9118328683555,355.9033421425629,95.33197134334999,0.0,21.07894835922504,984.959253531265,257.0689767116895,1242.028230242955,2.65
90,2150.0,S2 Improvement,686.8021355294613,22.549446098547026,36.36238676980793,14.993757350206828,436.24155613570656,24.498793372335186,0.0,8.92351546696287,1159.4060784349758,70.96551228805191,1230.371590723028,0.6
91,7050.0,S2 Improvement,685.3515816280087,66.7493473801126,0.0,48.22464359967935,397.12250264826434,71.92103150691747,0.0,17.6279167705735,1082.474084276273,204.52293925728293,1286.9970235335559,2.05
92,3450.0,S2 Improvement,728.100929008121,32.3530509047539,15.871592694925312,23.335701502164813,445.70783265301725,36.612578597336466,0.0,11.620148057416975,1189.6803543560636,103.92147906167214,1293.601833417736,0.95
93,9150.0,S2 Improvement,736.4539799128752,92.4052770824388,0.0,61.770900325923755,367.35152803908113,102.27025718836545,0.0,25.463197622551792,1103.8055079519563,281.9096322192798,1385.7151401712363,3.1
94,5250.0,S2 Improvement,804.8592569953144,57.549886249012374,4.22101407691116,36.56100886734123,433.0607763601056,59.803522886658115,0.0,15.512171765594918,1242.141047432331,169.42658976860665,1411.5676372009375,1.6
95,2650.0,S2 Improvement,838.4091432443265,27.280366774567163,13.501656169684793,19.713061727092725,473.15123751967167,28.496260561162103,0.0,11.171207575610442,1325.062036933683,86.66089663843243,1411.722933572115,0.8
96,8050.0,S2 Improvement,841.689510018894,88.5333566234929,0.0,56.910635610149484,389.41822374396816,92.00563064180942,0.0,20.89778109555557,1231.1077337628622,258.3474039710074,1489.4551377338694,2.5
97,4450.0,S2 Improvement,906.2228666423871,47.74323091958169,9.16740469056731,29.385601835388954,452.0382525503883,47.9024888388202,0.0,13.746536300925907,1367.4285238833427,138.77785789471673,1506.20638177806,1.2
98,6250.0,S2 Improvement,929.966097561969,69.47446090648451,0.0,44.5533024050803,424.4659846036002,71.03239592022553,0.0,16.733395862565075,1354.4320821655692,201.79355509435544,1556.225637259924,1.8
99,3650.0,S2 Improvement,975.4405584684537,35.74767201820386,8.805630386876146,24.613962123061864,470.884418400763,41.6785948304765,0.0,13.35881634786491,1455.1306072560928,115.39904531960713,1570.5296525757012,1.05
100,8550.0,S2 Improvement,987.1882304866576,85.80308379721251,0.0,62.02629425569714,398.1532276882681,87.94187785392472,0.0,22.472461081314748,1385.3414581749257,258.2437169881491,1643.5851751630753,2.75
101,4950.0,S2 Improvement,208.99131428387045,55.696825456261365,6.329468799435745,33.59081913726353,452.5042864049292,53.859296490625866,0.0,14.946999069087378,667.8250694882354,158.09394015323815,825.9190096414741,1.4
102,2380.0,S2 Improvement,240.6881397401321,25.810765705981655,14.10952223071763,15.697444318907433,490.6661385766474,29.686415017059968,0.0,10.581065909458813,745.4638005474972,81.77569095140787,827.2394914989045,0.7
103,8820.0,S2 Improvement,242.4989054461139,91.42402247877256,0.0,62.78228856187498,395.953209102684,105.86465548133525,0.0,22.815798980028962,638.4521145487979,282.8867655020117,921.3388800508101,2.85
104,6050.0,S2 Improvement,309.9229279248866,60.93436779140379,1.847920770471319,42.40306176215349,459.4148028218651,69.75722724681759,0.0,17.82079706855722,771.185651517223,190.9154538689321,962.1011053861557,1.75
105,4250.0,S2 Improvement,346.85729571629054,45.231787996062884,0.0,30.42822028940092,497.7630043158442,49.053933268150196,0.0,12.493328019191352,844.6203000321348,137.20726957280536,981.8275696049404,1.15
106,7550.0,S2 Improvement,368.0890837123534,78.57710965761311,0.0,53.428384518380085,445.23966369740265,84.90555735810676,0.0,20.009582600200325,813.328747409756,236.9206341343003,1050.2493815440566,2.25
107,3250.0,S2 Improvement,422.6661933699661,34.32008599296995,19.108298525409737,24.595602201780324,505.54961885372995,38.04653015549556,0.0,13.410607593005484,947.3241107491058,110.37282594325131,1057.6969366923577,0.9
108,9180.0,S2 Improvement,432.98627936293633,95.13424207898629,0.0,67.44553968189597,424.7202679755337,106.47327468792714,0.0,25.184388964016396,857.70654733847,294.2374454128258,1151.9439927512958,3.1
109,5280.0,S2 Improvement,504.1205214419224,49.93229145170022,17.51324823019513,40.608533700774416,490.5850089626865,57.18116205373216,0.0,15.873891143219879,1012.218778634804,163.59587834942667,1175.814656984231,1.6
110,2680.0,S2 Improvement,530.052812893623,30.158002234054607,27.96377969691457,20.041414272119983,527.7247567442982,29.76478134484301,0.0,10.728295765063528,1085.7413493348358,90.69249361608112,1176.433842950917,0.8
111,8080.0,S2 Improvement,536.210815127678,79.65086463668152,0.0,52.93994142148745,472.9039260000063,91.261210594122,0.0,21.46332381769213,1009.1147411276843,245.31534046998308,1254.4300815976676,2.5
112,4480.0,S2 Improvement,591.8616797643599,44.86617257612567,8.073768845361883,30.30183980261657,533.863296791511,48.94385587950206,0.0,15.684602037978987,1133.7987454012327,139.79647029622328,1273.5952156974563,1.2
113,6280.0,S2 Improvement,612.7278523404857,69.15331758783317,0.0,45.722595946491964,506.3068477846664,71.5530196806814,0.0,17.257616757819797,1119.034700125152,203.68654997282633,1322.7212500979786,1.8
114,3680.0,S2 Improvement,657.8811699283187,36.507290923223096,9.215305023269138,26.43656944972092,551.4232980156266,40.89692784875237,0.0,12.907787706379874,1218.5197729672145,116.74857592807626,1335.2683488952907,1.05
115,8580.0,S2 Improvement,670.3884608515418,91.30209665012521,0.0,56.69448214282393,479.9755215444193,93.12218703467823,0.0,23.64534312479295,1150.363982395961,264.7641089524203,1415.1280913483815,2.75
116,4980.0,S2 Improvement,737.6905575016672,50.711325122579495,5.983157020245017,37.545163061126736,535.5525455179704,55.81095661029205,0.0,15.910876162820239,1279.2262600398826,159.97832095681852,1439.2045809967012,1.4
117,2410.0,S2 Improvement,764.4018826242464,23.133104406234057,20.39521567513748,17.839946338636555,573.5235557896258,27.16639693691979,0.0,10.304574764479336,1358.3206540890096,78.44402244626974,1436.7646765352802,0.7
118,8850.0,S2 Improvement,763.5349870304808,93.5932864790594,0.0,57.00821372037839,488.3236145408828,105.96220525096676,0.0,23.458623515570732,1251.8586015713636,280.02232896597525,1531.8809305373388,2.85
119,6080.0,S2 Improvement,833.1282735095401,64.17516962278886,0.0,41.007842213771134,546.1110216756679,72.32503966519384,0.0,17.42271875505232,1379.239295185208,194.93077025680614,1574.1700654420138,1.75
120,4280.0,S2 Improvement,873.3034431323285,44.81726229458288,0.0,32.061394398168304,582.5652468618819,42.21618502900136,0.0,13.214459118109517,1455.8686899942104,132.30930083986206,1588.1779908340723,1.15
121,7580.0,S2 Improvement,894.1207054269116,78.88478022334026,0.0,56.57533050442145,521.3827155612889,90.63755193787159,0.0,19.226690064532523,1415.5034209882006,245.32435273016583,1660.827773718367,2.25
122,3280.0,S2 Improvement,949.005485650252,33.723835067242376,22.851495437179437,22.15792350630624,589.8623439928542,36.16404374213466,0.0,12.672991638338756,1561.7193250802857,104.71879395402203,1666.4381190343074,0.9
123,9210.0,S2 Improvement,958.7293207174944,96.25283815852802,0.0,66.39508920928938,508.3878793106578,102.70031825398245,0.0,25.110076327289526,1467.1172000281522,290.45832194908934,1757.575521977241,3.1
124,5310.0,S2 Improvement,1030.9821588760224,55.38788526881282,11.007203940475847,32.9853962081415,578.1028013564983,60.0023266914583,0.0,15.76038566925064,1620.0921641729965,164.13599383766328,1784.22815801066,1.6
125,2710.0,S2 Improvement,1062.3700441448354,27.150529895769985,16.842070252847407,17.45325987106094,620.6518681768957,28.23021946030084,0.0,10.641340782477737,1699.8639825745786,83.47535000960951,1783.339332584188,0.8
126,8110.0,S2 Improvement,225.52057404060542,81.58389464206844,0.0,56.26938038052802,545.3241427385092,89.8236859497493,0.0,22.415238161385254,770.8447167791146,250.092199133731,1020.9369159128455,2.5
127,4510.0,S2 Improvement,283.10446868267354,48.27007879578334,7.999301584743989,32.699909168476374,602.4479195197819,49.66128654043322,0.0,13.551072975455321,893.5516897871994,144.18234748014825,1037.734037267348,1.25
128,6310.0,S2 Improvement,307.3745474784573,66.06000505969199,0.0,41.14763715150876,585.6007746022342,72.18070589205608,0.0,17.61553863703244,892.9753220806915,197.00388674028926,1089.9792088209815,1.85
129,3710.0,S2 Improvement,349.43455253814955,41.96508692816696,0.0,22.65409965314465,634.3099310644884,45.13288157703924,0.0,13.967445915934636,983.744483602638,123.71951407428548,1107.463997676923,1.05
130,8610.0,S2 Improvement,367.39963946631633,92.47868617215508,0.0,64.55703883308277,545.0611872894351,93.76334977507804,0.0,21.15886687260226,912.4608267557514,271.9579416529182,1184.4187684086683,2.75
131,5010.0,S2 Improvement,435.8783256384713,51.61721000851977,12.939828824562937,34.97008699907533,603.854450065437,59.169920253929945,0.0,15.98910867966249,1052.6726045284713,161.74632594118754,1214.4189304696592,1.45
132,2310.0,S2 Improvement,463.4955356469909,25.601462185840273,22.308453637798266,18.936814189977653,644.0875561293888,24.566469319523534,0.0,10.098816175339751,1129.891545414178,79.20356187068121,1209.0951072848584,0.7
133,7710.0,S2 Improvement,465.0969978328312,81.73792640371613,0.0,47.16925977100785,580.9921071019635,85.78601785338586,0.0,19.397206875963867,1046.0891049347947,234.0904109040737,1280.1795158388686,2.3
134,4110.0,S2 Improvement,522.8349242365475,43.30921940058632,3.860040370421302,28.03316207152849,638.7449628838212,44.88093141012291,0.0,12.487955937920594,1165.43992749079,128.71126882015832,1294.1511963109497,1.15
135,9410.0,S2 Improvement,542.1441436371342,105.51449064717154,0.0,70.88094116954127,539.1236649191824,108.09672914490275,0.0,24.373529289455185,1081.2678085563166,308.86569025107076,1390.1334988073868,3.25
136,2910.0,S2 Improvement,623.6586342843057,31.061928817939997,39.819012351601486,21.038715427015386,626.18167863707,31.84498731729,0.0,11.191298614068309,1289.6593252729772,95.13693017631368,1384.7962554492915,0.85
137,6510.0,S2 Improvement,630.7205631022453,72.59999460818864,0.0,47.40061948476909,598.8837796400203,70.36053681570544,0.0,19.820477885118937,1229.6043427422655,210.18162879378212,1439.7859715360482,1.95
138,4810.0,S2 Improvement,679.3205577104336,50.22257643491502,0.0,34.20926913474201,632.2130903708385,50.33590771014387,0.0,12.998517960628961,1311.533648081272,147.76627124042986,1459.2999193217001,1.35
139,8310.0,S2 Improvement,705.5431341453477,83.58250690495576,0.0,56.31111711516596,576.8646431956022,95.0815739347062,0.0,23.222093670672482,1282.40777734095,258.19729162550044,1540.6050689664498,2.65
140,2210.0,S2 Improvement,765.1256410503029,22.62915037818249,33.68196673698367,16.76158154621145,655.1846355840953,25.241375002898646,0.0,10.24765359682452,1453.9922433713818,74.8797605241171,1528.8720038955016,0.65
141,7060.0,S2 Improvement,763.754791428486,75.74713552374229,0.0,48.26401474933504,606.8584085971124,82.09817758274565,0.0,17.07548835872077,1370.6132000255984,223.18481621454376,1593.7980162401436,2.05
142,3410.0,S2 Improvement,815.501926952229,37.43304158861123,10.83097316072417,22.87270835996921,666.0838778198886,37.54793152350209,0.0,11.705311807305275,1492.4167779328418,109.55899327938782,1601.97577121223,0.95
143,9110.0,S2 Improvement,828.9349685408397,96.4812973703454,0.0,65.12319343409915,575.7310000596408,97.47178621601918,0.0,24.74344472789719,1404.6659686004805,283.81972174836096,1688.4856903488417,3.05
144,5210.0,S2 Improvement,901.4162659111844,54.57086088994818,10.552332544151795,35.034257593028016,638.1685286826323,56.63670673920788,0.0,16.1148013812979,1550.1371271379685,162.35662660348197,1712.4937537414498,1.6
145,2610.0,S2 Improvement,931.987126801132,27.091860312875532,18.49472982430416,20.45582951948265,674.3494059023578,28.654151418823496,0.0,11.097928926638438,1624.831262527794,87.29977017782011,1712.1310327056126,0.8
146,8010.0,S2 Improvement,935.0789871140078,83.87566366679785,0.0,55.450259755742756,602.6281932424263,90.3890766105908,0.0,20.001441799377083,1537.707180356434,249.71644183250848,1787.4236221889423,2.5
147,4410.0,S2 Improvement,994.9546507808063,45.40298051733375,10.04727923840801,35.36462733553332,657.6526425174834,48.92477028840372,0.0,14.11168404752617,1662.6545725366977,143.804062188797,1806.4586347254954,1.2
148,6210.0,S2 Improvement,1016.3576312981404,66.83229116064462,0.0,43.61816359487859,641.5388646243064,67.76935975836908,0.0,16.808320988372305,1657.8964959224468,195.0281355022646,1852.9246314247102,1.8
149,3610.0,S2 Improvement,1059.189922458785,34.96547508879218,8.652688506084814,25.928076684509218,683.3801476981662,39.97599360729597,0.0,14.221763952156694,1751.222758663036,115.09130933275407,1866.3140679957905,1.05
150,8510.0,S2 Improvement,1070.155397547578,96.49776327814176,0.0,58.6285266308077,602.8106165871068,97.90969184521052,0.0,22.20193396692764,1672.9660141346849,275.2379157210876,1948.203929855772,2.75
151,4910.0,S2 Improvement,0.0,53.72945888550079,0.0,34.101198357526634,0.0,52.9773282465632,0.0,16.187390493786005,0.0,156.99537598337662,156.9953759833752,1.4
152,2340.0,S2 Improvement,29.729458885500208,24.562686849466836,9.538511508058946,16.62599417156768,36.351334074995975,26.496200740629142,0.0,10.380248367492847,75.61930446855513,78.0651301291565,153.68443459771152,0.7
153,8780.0,S2 Improvement,30.292145734967562,93.5156772028054,0.0,62.25633964689785,0.0,95.76997875210034,0.0,23.181788660802287,30.292145734967562,274.7237842626059,305.01592999757304,2.85
154,6010.0,S2 Improvement,99.80782293777338,63.85065940422535,0.0,40.203775372144776,53.9718836226275,67.189092990594,0.0,15.02698285352545,153.77970656040088,186.27051062048957,340.0502171808912,1.7
155,4210.0,S2 Improvement,139.65848234199802,43.0554118880268,0.0,31.191490214545453,87.11784988279578,44.75881783381039,0.0,13.925483216751218,226.7763322247938,132.93120315313385,359.70753537792734,1.15
156,7510.0,S2 Improvement,158.71389423002438,78.22465596161106,0.0,50.90540680240197,33.93809516713918,83.12329229248039,0.0,18.865687648118065,192.65198939716356,231.11904270461147,423.77103210177484,2.2
157,3210.0,S2 Improvement,212.93855019163493,33.24638787690152,17.659018925500277,20.962505143606332,96.09888231601326,35.45278975233751,0.0,11.474068905825295,326.69645143314847,101.13575167867066,427.83220311181867,0.9
158,9140.0,S2 Improvement,222.1849380685362,93.3565479319201,0.0,68.64760570775225,8.169042497784176,90.1380150455219,0.0,21.652935733338435,230.3539805663204,273.7951044185327,504.1490849848542,3.05
159,5240.0,S2 Improvement,291.54148600045664,56.2820610667794,12.365544640973894,38.00939391023861,60.297663633067714,60.85908357900978,0.0,16.900533556329496,364.20469427449825,172.05107211235728,536.2557663868538,1.6
160,2640.0,S2 Improvement,323.82354706723527,27.51642654310242,22.858512008109756,18.09627470236823,103.06047250970914,28.558710842316945,0.0,12.027636915895876,449.74253158505417,86.19904900368346,535.9415805887384,0.8
161,8040.0,S2 Improvement,327.33997361033835,87.71349774069675,0.0,52.54008789298641,32.320384428820034,93.35964462494658,0.0,21.092542094921775,359.6603580391584,254.70577235355154,614.366130392711,2.5
162,4440.0,S2 Improvement,391.0534713510351,45.110483330042314,7.429604562945315,31.068790132742624,94.61123892102478,45.47845395459732,0.0,14.72659152840854,493.0943148350052,136.3843189457908,629.4786337807946,1.2
163,6240.0,S2 Improvement,412.1639546810766,59.54576257732974,0.0,44.405020579751024,74.63730441422922,68.70436314990374,0.0,18.356280438594013,486.8012590953058,191.01142674557852,677.812685840885,1.8
164,3640.0,S2 Improvement,447.7097172584072,35.42716575923468,8.977854820515859,24.13784774781884,119.20381981631363,41.08027107448524,0.0,12.51662095585599,575.8913918952367,113.16190553739474,689.0532974326306,1.05
165,8540.0,S2 Improvement,459.1368830176416,87.38328985564503,0.0,60.46959476123589,45.54690884225238,93.79898269017444,0.0,20.786326127787945,504.683791859894,262.4381934348433,767.1219852947361,2.75
166,4940.0,S2 Improvement,522.5201728732864,53.49932635353154,6.970268407705589,33.92482458922898,105.42106694319773,53.142590663170154,0.0,13.052193443205645,634.9115082241897,153.61893504913633,788.5304432733246,1.4
167,2370.0,S2 Improvement,552.0194992268171,23.992156147268886,16.90293684966491,15.920829812341342,142.64282779402674,26.145453661306146,0.0,11.03156737583819,711.5652638705087,77.09000699675457,788.6552708672625,0.7
168,8810.0,S2 Improvement,552.0116553740863,89.6861578423976,0.0,57.5157478486591,54.4101424262808,101.0421016815649,0.0,22.51350592372376,606.4217978003671,270.7575132963454,877.1793110967137,2.85
169,6040.0,S2 Improvement,617.6978132164841,54.01532236887728,3.5004254797822796,40.00316328473865,115.44908082310758,64.73240387420509,0.0,16.91447791069558,736.6473195193739,175.6653674385166,912.31268695789,1.75
170,4240.0,S2 Improvement,647.7131355853617,41.70728164646312,1.7963071180583938,26.920204202741367,153.2612804945711,47.24079002190136,0.0,12.467305558723574,802.7707231979912,128.33558142982943,931.1063046278177,1.15
171,7540.0,S2 Improvement,665.4204172318241,84.76753462749282,0.0,54.79843683548815,89.652610374289,79.23950052562569,0.0,21.24747782843111,755.0730276061131,240.05294981703776,995.1259774231512,2.25
172,3240.0,S2 Improvement,726.1879518593178,35.221442383909455,19.576994451579594,22.330230030295635,146.56188086961993,37.7899051773543,0.0,12.013402893058167,892.3268271805173,107.35498048461756,999.6818076651343,0.9
173,9170.0,S2 Improvement,737.4093942432264,97.93176409678225,0.0,64.99519683844228,63.332049593624106,105.3284247558668,0.0,24.995399030777975,800.7414438368505,293.2507847218693,1093.9922285587218,3.1
174,5270.0,S2 Improvement,811.3411583400084,57.445465808122584,7.54973103031989,30.829015548199596,137.83145880129268,57.815266621559786,0.0,15.65632656500923,956.722348171621,161.74607454289122,1118.4684227145117,1.6
175,2670.0,S2 Improvement,844.7866241481315,26.17099896101906,12.20774761749999,19.791508654556154,175.85521676829558,29.209744368344605,0.0,10.757319521921998,1032.849588533927,85.92957150584182,1118.7791600397686,0.8
176,8070.0,S2 Improvement,6.957623109150518,78.93982786343678,0.0,58.48642866900305,99.63796087625815,86.10072579352777,0.0,20.71037409393393,106.59558398540867,244.23735641990152,350.8329404053093,2.5
177,4470.0,S2 Improvement,61.89745097258674,46.87714983395068,11.609278835052464,31.422634810716552,154.31605185906847,50.55046198139339,0.0,13.590591997570147,227.82278166670767,142.44083862363078,370.2636202903377,1.2
178,6270.0,S2 Improvement,84.77460080653691,66.35172996430433,0.0,40.215956381640204,141.33074114028568,63.82209110537781,0.0,16.145720790469504,226.1053419468226,186.53549824179186,412.6408401886147,1.8
179,3670.0,S2 Improvement,127.12633077084138,35.81925254403066,4.396703837610403,25.48324385398566,179.6695883916782,45.80669900624815,0.0,13.774241725048455,311.19262300012997,120.88343712931292,432.07606012944234,1.05
180,8570.0,S2 Improvement,138.94558331487133,93.57756244895405,0.0,61.10789658826261,100.67077605230588,96.10019689021308,0.0,22.749566459258258,239.6163593671772,273.535222386688,513.1515817538657,2.75
181,4970.0,S2 Improvement,208.5231457638256,51.038953938254195,10.068942650008466,33.73043761456787,163.04053532795115,53.179782121830996,0.0,15.196795479934815,381.6326237417852,153.1459691545879,534.7785928963731,1.4
182,2400.0,S2 Improvement,235.56209970207965,25.618437956049473,18.180942308526937,17.96441078855039,198.25590666123207,26.14480618436175,0.0,9.909680270146717,451.99894867183866,79.63733519910834,531.6362838709465,0.7
183,8840.0,S2 Improvement,237.18053765812874,92.65264396751772,0.0,60.37478569191889,107.51863628323554,98.60018382599476,0.0,23.102213548244436,344.6991739413643,274.7298270336758,619.4290009750403,2.85
184,6070.0,S2 Improvement,305.83318162564683,54.12826565496752,6.2465200369497325,41.79049176602098,164.32832834320834,72.66167754092021,0.0,17.147550056648672,476.4080300058049,185.72798501855738,662.1360150243636,1.75
185,4270.0,S2 Improvement,335.9614472806152,45.33091523955818,2.7060965634136664,28.790419143862916,208.19958674026566,43.75197895797919,0.0,14.61758162585578,546.8671305842945,132.49089496725608,679.3580255515499,1.15
186,7570.0,S2 Improvement,357.2923625201729,82.2100851708792,0.0,52.248611591532836,148.9893846431096,88.73195627465385,0.0,20.453584699445173,506.2817471632825,243.64423773651106,749.9259848997935,2.25
187,3270.0,S2 Improvement,415.5024476910512,32.5413612106848,19.707250380848564,22.18326902387633,215.5380718938868,33.30305689132864,0.0,12.288669324690845,650.7477699657866,100.31635645058061,751.0641264163678,0.9
188,9200.0,S2 Improvement,424.04380890173525,92.95806304241309,0.0,68.12349401755328,129.6500911299754,105.101203905677,0.0,24.346767105105847,553.6939000317107,290.5295280707492,844.2234281024594,3.1
189,5300.0,S2 Improvement,493.00187194414866,58.29899578973117,9.824498227821095,36.74080004726192,198.01049498838984,60.337845535262495,0.0,16.473442985949017,700.8368651603596,171.85108435820462,872.6879495185658,1.6
190,2700.0,S2 Improvement,527.3008677338803,28.881244796611632,17.68405347847147,18.848165232297,239.50017529135584,32.13510831262914,0.0,10.226311079734167,784.4850965037076,90.09082942127193,874.575925924979,0.8
191,8100.0,S2 Improvement,532.1821125304923,85.9583824589501,0.0,53.65668001672167,168.55243983908076,88.40413425420844,0.0,21.64718383174513,700.7345523695731,249.66638056162535,950.4009329311975,2.5
192,4500.0,S2 Improvement,594.1404949894422,46.769534021566784,6.8871459951551515,31.45232064207121,225.50425345121766,51.021903651192574,0.0,14.823697840810677,826.531894435815,144.06745615564125,970.5993505914557,1.25
193,6300.0,S2 Improvement,616.9100290110091,62.07008789297349,0.0,43.76052573012228,209.03501011654043,70.84051870448518,0.0,17.492247676322126,825.9450391275495,194.1633800039031,1020.1084191314512,1.85
194,3700.0,S2 Improvement,654.980116903982,36.102994793902745,7.6575309362197,25.896813902388274,253.9787149186359,43.350107062938726,0.0,11.461418968508374,916.6163627588376,116.81133472773811,1033.427697486577,1.05
195,8600.0,S2 Improvement,667.0831116978843,88.26365442513631,0.0,67.55722140704803,175.0622909879985,96.16796763517011,0.0,23.860506124483003,842.1454026858828,275.84934959183744,1117.994752277722,2.75
196,5000.0,S2 Improvement,731.3467661230206,49.98609302319596,17.571128383853647,33.60948867267054,237.62076995049756,55.790466527164575,0.0,14.902147840172148,986.5386644573719,154.28819606320323,1140.8268605205758,1.45
197,2300.0,S2 Improvement,757.3328591462159,24.85246314427762,26.328153912247217,16.443818386462034,276.96741809120067,27.90242156125839,0.0,9.572937392618172,1060.6284311496638,78.77164048461621,1139.4000716342816,0.7
198,7700.0,S2 Improvement,758.1853222904938,75.97949983439813,0.0,52.392505784423264,219.2698063323478,91.28943180373439,0.0,19.16156322196798,977.4551286228416,238.82300064452374,1216.2781292673644,2.3
199,4100.0,S2 Improvement,810.1648221248925,41.07200093996891,11.320504844454263,28.52364216079676,282.0355959752851,46.729819680179624,0.0,13.120127867497748,1103.5209229446318,129.44559064844304,1232.9665135930754,1.15
200,9400.0,S2 Improvement,827.2368230648608,106.62501088733043,0.0,71.89940644441688,190.0851453289688,111.4428105813032,0.0,23.407816070742435,1017.3219683938296,313.375043983793,1330.6970123776246,3.25
201,2900.0,S2 Improvement,69.86183395219086,31.028649507740553,40.870756936677935,20.55568152890978,280.9722743813636,30.664255015067255,0.0,11.062699641592076,391.7048652702324,93.31128569330966,485.01615096354,0.85
202,6500.0,S2 Improvement,76.89048345993069,67.96551230949332,0.0,47.02193264492662,258.0755229075985,71.41686887231356,0.0,18.019559543797737,334.9660063675292,204.42387337053123,539.3898797380589,1.95
203,4800.0,S2 Improvement,120.85599576942332,55.36197924040886,0.0,31.82419594374871,289.3281492406786,60.53561994328448,0.0,14.133711226019786,410.18414501010193,161.85550635346183,572.0396513635642,1.35
204,8300.0,S2 Improvement,152.21797500983303,85.35173291825151,0.0,56.40672696643567,239.92950524302432,89.67333105621056,0.0,20.82647087840625,392.14748025285735,252.25826181930395,644.405742072162,2.65
205,2200.0,S2 Improvement,213.56970792808534,21.566005557602427,34.840721408832906,14.309540839942938,315.2932954592925,26.3543024360404,0.0,10.505752839670642,563.7037247962107,72.73560167325641,636.4393264694663,0.65
206,7050.0,S2 Improvement,211.13571348568803,71.8831302680903,0.0,49.05334233895414,269.86138753706473,84.97848114185406,0.0,17.807248510174905,480.99710102275276,223.72220225907338,704.719303281825,2.05
207,3400.0,S2 Improvement,259.0188437537781,37.45489392654595,11.598448412407379,24.265533171765952,330.5743355071536,37.58013934474227,0.0,12.100616834581487,601.1916276733391,111.40118327763567,712.5928109509732,0.95
208,9100.0,S2 Improvement,272.4737376803241,94.23441280003044,0.0,65.78990656660484,243.99413706943415,105.54048983915939,0.0,22.346174413199762,516.4678747497583,287.9109836189944,804.378858368751,3.05
209,5200.0,S2 Improvement,342.70815048035365,52.211467229666944,13.578439336937663,40.095976667197874,309.4386502413945,60.13847587383466,0.0,15.649385441043783,665.7252400586858,168.09530521174327,833.8205452704296,1.6
210,2600.0,S2 Improvement,370.91961771002025,27.308671880359427,26.365744123777404,19.862255319759324,349.7148707954693,30.172461022620215,0.0,10.822550753877913,747.000232629267,88.16593897661687,835.1661716058843,0.8
211,8000.0,S2 Improvement,374.22828959037906,89.37614783086765,0.0,57.163853005729926,279.5753304250302,86.83250553018337,0.0,20.99323616865123,653.8036200154093,254.3657425354322,908.1693625508415,2.5
212,4400.0,S2 Improvement,439.604437421247,43.46991760708103,13.693935398649046,30.336453854178064,336.07138210103585,49.82452959017748,0.0,14.642707870352618,789.3697549209319,138.2736089217892,927.6433638427206,1.2
213,6200.0,S2 Improvement,459.0743550283278,63.041541833939014,0.0,40.49569020428522,326.3890689058153,70.97372610011405,0.0,16.92240767648785,785.4634239341431,191.43336581482612,976.8967897489692,1.8
214,3600.0,S2 Improvement,498.1158968622676,33.35247575174915,7.143214452535176,22.881172767068854,374.4816222388599,38.17786235836271,0.0,13.132267438718817,879.7407335536627,107.54377831589953,987.2845118695641,1.05
215,8500.0,S2 Improvement,507.4683726140174,89.59038772405982,0.0,62.56654865904609,290.5269354337215,100.90693031930104,0.0,22.475325867313863,797.995308047739,275.5391925697208,1073.5345006174593,2.75
216,4900.0,S2 Improvement,573.0587603380773,47.71650527211374,14.850043386932157,33.2088284030764,358.22503734994643,53.54315042564319,0.0,14.78945644568585,946.1338410749559,149.2579405465192,1095.3917816214744,1.4
217,2330.0,S2 Improvement,596.7752656101911,24.79518504333493,23.263686746673557,15.444675535246288,396.3235122403439,26.94976099401119,0.0,10.192900843147486,1016.3624645972086,77.38252241573988,1093.7449870129476,0.7
218,8770.0,S2 Improvement,597.5704506535258,92.26566692113617,0.0,58.704025653174156,311.01194294196466,88.6921559123902,0.0,24.954533169712935,908.5823935954904,264.61638165641347,1173.1987752519035,2.85
219,6000.0,S2 Improvement,665.8361175746613,58.987246614753815,0.0,40.90534745177322,358.51553044100183,67.43651755589576,0.0,17.044080864944043,1024.3516480156632,184.37319248736685,1208.7248405030296,1.7
220,4200.0,S2 Improvement,700.8233641894149,42.07625192886686,0.0,29.085620221329982,395.69552329847284,47.14660973392065,0.0,13.64516130442064,1096.5188874878877,131.95364318853814,1228.4725306764267,1.15
221,7500.0,S2 Improvement,718.8996161182822,79.38187953190713,0.0,54.55980257981366,337.9860711420024,83.42223432691256,0.0,21.643477375695003,1056.8856872602846,239.00739381432837,1295.8930810746133,2.2
222,3200.0,S2 Improvement,774.2814956501898,31.850234470477723,22.709568109336033,22.51842616361427,398.8898793052995,34.235002284246384,0.0,11.716296459780516,1195.8809430648253,100.31995937811891,1296.2009024429444,0.9
223,9130.0,S2 Improvement,782.1317301206673,97.49408181440637,0.0,62.90111835907204,317.9576756890183,102.19830245373987,0.0,23.333562454451773,1100.0894058096856,285.9270650816701,1386.0164708913562,3.05
224,5230.0,S2 Improvement,855.6258119350732,47.78347196079733,15.117646398273791,35.255943512321224,384.9000346304365,55.17052038010745,0.0,15.715193940896071,1255.6434929637835,153.92512979412209,1409.5686227579063,1.6
225,2630.0,S2 Improvement,879.4092838958713,29.529455256653797,20.844134653942092,18.363896307740877,421.7066587028021,29.15861301192415,0.0,10.627461261282175,1321.9600772526155,87.679425837601,1409.6395030902167,0.8
226,8030.0,S2 Improvement,44.93873915252516,82.08261142268285,0.0,53.47258927472947,354.51810197899795,86.81324684218352,0.0,19.86627086702896,399.4568411315231,242.23471840662478,641.691559538147,2.5
227,4430.0,S2 Improvement,103.02135057520718,48.68313155237175,4.789457722357838,29.34194220921524,411.98940661196684,50.19683854173196,0.0,14.021356681979269,519.8002149095319,142.2432689852982,662.0434838948313,1.2
228,6230.0,S2 Improvement,127.70448212757947,69.85379092030001,0.0,44.33025201851268,382.13360214645763,72.99869567997939,0.0,18.436891752133942,509.8380842740371,205.61963037092602,715.4577146449665,1.8
229,3630.0,S2 Improvement,173.55827304788,36.86645375190046,7.463798266613594,26.865381627423815,428.2669161990143,39.78092940336759,0.0,13.9846312919428,609.2889875135079,117.49739607463466,726.7863835881435,1.05
230,8530.0,S2 Improvement,186.42472679977982,90.22958606555979,0.0,58.65075024568176,353.4966891851782,99.08616292247575,0.0,20.6934609618322,539.921415984958,268.6599601955495,808.5813761805075,2.75
231,4930.0,S2 Improvement,252.6543128653393,53.0232119139508,5.627538331731557,31.375983134758453,421.2068689728949,53.26891235282942,0.0,14.485262952732398,679.4887201699657,152.1533703542711,831.6420905242376,1.4
232,2360.0,S2 Improvement,281.67752477929025,25.708582845552613,11.294938620936591,15.632138445610275,458.8436428801142,27.9493535877,0.0,11.127466493373122,751.816106280341,80.417541372236,832.2336476525779,0.7
233,8800.0,S2 Improvement,283.38610762484313,92.91490896063252,0.0,68.02485488457846,352.7803096891512,104.87740029091323,0.0,24.09799707789635,636.1664173139943,289.91516121402054,926.0815785280138,2.85
234,6030.0,S2 Improvement,352.30101658547574,65.25716480425568,2.7676900803235185,43.66184577009406,413.99586420997,67.27341023567365,0.0,15.552286763664554,769.0645708757693,191.74470757368795,960.8092784494547,1.75
235,4230.0,S2 Improvement,393.5581813897297,42.63485106140609,3.7946847890125355,31.01199042400708,450.25728402163804,48.7027911290517,0.0,13.242980671581847,847.6101502003803,135.5926132860467,983.2027634864244,1.15
236,7530.0,S2 Improvement,412.19303245113406,81.13921842516164,0.0,52.00298001522317,400.6245519233271,91.79943898459489,0.0,19.563573411724228,812.8175843744611,244.50521083670395,1057.3227952111629,2.25
237,3230.0,S2 Improvement,469.332250876294,33.18639333077497,18.81658668444652,23.023830390808662,469.4001605171143,35.628236018850366,0.0,12.090053334492818,957.5489980778548,103.92851307492681,1061.4775111527815,0.9
238,9160.0,S2 Improvement,478.5186442070699,93.38040006099172,0.0,67.05452122147997,386.4338923287469,99.53161924386838,0.0,24.01704228893727,864.9525365358168,283.9835828152773,1148.9361193510958,3.1
239,5260.0,S2 Improvement,547.8990442680624,51.95451913243963,15.100002089038753,37.68870283411834,448.2768087384975,60.90997218526178,0.0,16.774284843449504,1011.2758550955987,167.32747899526925,1178.6033340908689,1.6
240,2660.0,S2 Improvement,575.853563400502,27.765901274369504,25.022803648789704,19.410018177972752,489.776762745787,29.560993637045236,0.0,10.52522418282927,1090.6531297950787,87.26213727221676,1177.915267067292,0.8
241,8060.0,S2 Improvement,579.61946467487,89.73034129016796,0.0,59.482471911494365,414.5577650079322,86.99571310082226,0.0,18.665071176881565,994.1772296828021,254.87359747936614,1249.0508271621693,2.5
242,4460.0,S2 Improvement,645.3498059650374,47.900299837468495,11.582172074027767,29.64239640502773,471.911081703729,45.07675243392502,0.0,13.712075196314359,1128.8430597427941,136.3315238727356,1265.1745836155278,1.2
243,6260.0,S2 Improvement,669.2501058025045,66.05156938427369,0.0,44.74772222851763,447.41311100391613,64.04464515367394,0.0,17.33840616856551,1116.6632168064207,192.1823429350308,1308.8455597414504,1.8
244,3660.0,S2 Improvement,711.3016751867799,39.57438680692824,5.173335421586671,25.31678507099267,486.1409710865955,42.11750086002775,0.0,13.158555214412313,1202.615981694962,120.16722795236097,1322.7832096473285,1.05
245,8560.0,S2 Improvement,726.8760619937093,86.30929022236866,0.0,66.49071941003452,405.94858280680273,92.47570584741773,0.0,22.993820692719133,1132.824644800512,268.26953617254003,1401.0941809730502,2.75
246,4960.0,S2 Improvement,789.1853522160782,48.540193375257,17.950526034775976,36.39658430531569,462.0277043489041,57.24622977678208,0.0,15.442037388450647,1269.1635825997582,157.6250448458054,1426.7886274455632,1.4
247,2390.0,S2 Improvement,813.7255455913364,22.616605959216855,31.730504380873754,15.982198461534697,503.29173566415193,25.410956574889934,0.0,10.475473832559974,1348.747785636362,74.48523482820146,1423.233020464566,0.7
248,8830.0,S2 Improvement,812.3421515505543,99.54507122052463,0.0,61.07148697001139,415.79883689091366,106.0443326076189,0.0,23.80501939439046,1228.140988441468,290.4659101925454,1518.6068986340142,2.85
249,6060.0,S2 Improvement,887.8872227710781,57.3269910664688,3.7444959035456122,38.95433043320144,482.88883906533374,66.55328817799834,0.0,17.488102399463376,1374.5205577399574,180.32271207713197,1554.8432698170873,1.75
250,4260.0,S2 Improvement,921.2142138375457,42.40746304493587,0.2913632918098301,29.15159084485382,520.2905363984792,46.30935530641694,0.0,12.603500804463849,1441.7961135278347,130.47191000067045,1572.2680235285043,1.15
251,7560.0,S2 Improvement,99.62167688248155,71.15402553765932,0.0,48.97109280259995,475.91772750129894,90.20035642505232,0.0,19.958021697971184,575.5394043837805,230.28349646328277,805.8229008470626,2.25
252,3260.0,S2 Improvement,146.7757024201419,34.60624507447181,14.364847728127643,22.970453486502983,543.1476304398493,37.56118361929673,0.0,13.477777008206916,704.2881805881188,108.61565918847843,812.903839776598,0.9
253,9190.0,S2 Improvement,157.381947494614,95.4378060759249,0.0,63.291793935932404,459.31451526191813,95.42385078670081,0.0,24.32014949938791,616.6964627565321,278.47360029794606,895.1700630544801,3.1
254,5290.0,S2 Improvement,228.81975357054034,53.02269610981821,10.269097826112557,39.30181115400637,515.4365548946116,63.13480609648731,0.0,15.789839549834694,754.5254062912645,171.2491529101466,925.7745592014144,1.6
255,2690.0,S2 Improvement,257.84244968036,29.073286491498216,20.497622488623165,19.37032947484414,559.2010315162552,30.186469845435063,0.0,11.009326330604548,837.5411036852383,89.63941214238197,927.1805158276184,0.8
256,8090.0,S2 Improvement,262.91573617185713,74.83421149833889,0.0,51.256900123455154,503.1643417033629,84.9495233885172,0.0,21.44977228566142,766.08007787522,232.49040729597266,998.5704851711926,2.5
257,4490.0,S2 Improvement,313.749947670196,48.94726045501835,2.3096396684377396,31.466960603965177,556.6469044879159,53.26341349969411,0.0,14.931280990485744,872.7064918265496,148.60891554916338,1021.3154073757105,1.25
258,6290.0,S2 Improvement,338.69720812521336,66.64658860279529,0.0,47.59873373811941,529.4415959190992,70.60435457354863,0.0,18.38479959464988,868.1388040443126,203.2344765091132,1071.3732805534237,1.85
259,3690.0,S2 Improvement,381.3437967280079,39.34672128064813,8.252012457469391,25.75953761111782,574.2864128815309,42.776473450738074,0.0,13.141220173274695,963.8822220670081,121.02395251577872,1084.9061745827858,1.05
260,8590.0,S2 Improvement,396.6905180086578,80.21825767078872,0.0,63.90601916752323,506.95015956254065,98.66725232840707,0.0,20.43198509094821,903.6406775711985,263.2235142576672,1166.8641918288668,2.75
261,4990.0,S2 Improvement,452.908775679447,49.652262396387464,14.253756771136977,36.748169417382506,568.8692424735636,56.92453256228745,0.0,13.633851402776582,1036.0317749241476,156.958815778834,1192.9905907029824,1.45
262,2420.0,S2 Improvement,478.5610380758335,26.390961480147606,24.610964708372194,15.723816866282508,610.0699581695662,26.069631222236417,0.0,9.759949539367739,1113.241960953772,77.94435910803426,1191.1863200618063,0.7
263,8860.0,S2 Improvement,480.9519995559822,85.07542469644882,0.0,51.707701868345,539.6912444016634,85.26011544620104,0.0,19.50175118557951,1020.6432439576456,241.54499319657435,1262.1882371542233,2.3
264,6090.0,S2 Improvement,542.027424252432,45.04330982222205,6.6643920461210655,27.54768818181832,597.4036716660485,47.91134155626662,0.0,12.733757748513899,1146.0954879646015,133.2360973088209,1279.3315852734231,1.15
265,4290.0,S2 Improvement,563.0707340746558,99.9339887878935,0.0,73.74059101828156,505.8525136440803,104.28081275591876,0.0,24.24611554876799,1068.923247718736,302.2015081108618,1371.1247558295981,3.25
266,7590.0,S2 Improvement,639.0047228625481,29.005643040372057,44.73494797791136,20.577378778355268,589.555947621644,34.39425695768193,0.0,11.324771604258672,1273.2956184621034,95.30205038066794,1368.597668842769,0.85
267,3290.0,S2 Improvement,644.0103659029191,67.22388877127743,0.0,44.407546116344996,577.6310964479708,71.10752120477306,0.0,17.655715203579515,1221.64146235089,200.394671295975,1422.0361336468632,1.95
268,9220.0,S2 Improvement,687.2342546741966,51.41864120662865,0.0,33.78710848545056,607.9404140770057,51.301653002023556,0.0,13.543771282249965,1295.1746687512023,150.05117397635274,1445.2258427275592,1.35
269,5320.0,S2 Improvement,714.6528958808267,95.12629726746388,0.0,55.45472728349512,542.4481510135265,89.93805031244867,0.0,21.5004453888346,1257.1010468943532,262.0195202522423,1519.120567146594,2.65
270,2720.0,S2 Improvement,785.7791931482898,22.79071068607032,32.66401659742405,14.798065971235662,617.5881353547411,24.453264112409677,0.0,9.70603579154103,1436.031345100455,71.7480765612567,1507.7794216617076,0.65
271,8120.0,S2 Improvement,784.5699038343591,65.66598803134195,0.0,45.52261053364658,578.314883470819,78.65128550977052,0.0,16.080023158096953,1362.8847873051782,205.919907232856,1568.8046945380374,2.05
272,4520.0,S2 Improvement,826.235891865701,36.054354215558675,9.468256318090425,25.433995099662173,631.5321738809289,38.40866459276022,0.0,12.294434717448953,1467.2363220647203,112.19144862543001,1579.4277706901485,0.95
273,6320.0,S2 Improvement,838.2902460812584,89.15737173054941,0.0,62.70685213423691,552.9788660266531,94.73695048628906,0.0,23.667240606205777,1391.2691121079115,270.26841495728115,1661.537527065193,3.05
274,3720.0,S2 Improvement,903.4476178118093,47.9646340065455,14.742218127692468,35.77052488507945,611.9452916278606,62.238482949533974,0.0,15.834859030100741,1530.1351275673624,161.8085008712597,1691.943628438621,1.6
275,8620.0,S2 Improvement,927.412251818354,25.938593396170678,24.574149616601062,18.592261592725407,655.591512984669,29.656466668500762,0.0,10.864502861045736,1607.577914419624,85.05182451844257,1692.629738938067,0.8
276,5020.0,S2 Improvement,0.0,76.62701148736531,0.0,55.48772028385045,0.0,94.77741802433555,0.0,19.548551089504272,0.0,246.44070088505555,246.4407008850576,2.5
277,2320.0,S2 Improvement,52.62701148736596,42.338890614370094,13.14882966948062,29.896428837242155,64.88098918709511,50.69438979858687,0.0,14.561421012927077,130.6568303439417,137.4911302631262,268.14796060706794,1.2
278,7720.0,S2 Improvement,70.96590210173599,63.971746606340844,0.0,42.776942338978166,51.871948547086504,71.0184871037513,0.0,16.854758832425823,122.8378506488225,194.62193488149614,317.4597855303182,1.8
279,4120.0,S2 Improvement,110.93764870807718,39.80008397572442,2.976858363250358,25.914186143881224,96.976249506959,41.43723486082208,0.0,12.896069651153937,210.89075657828653,120.04757463158165,330.9383312098689,1.05
280,9420.0,S2 Improvement,126.73773268380319,86.10548739263155,0.0,53.1029308748019,28.096110607479204,95.16210931250792,0.0,22.363093612729557,154.8338432912824,256.73362119267097,411.5674644839528,2.75
281,2920.0,S2 Improvement,188.8432200764364,52.890565392288906,0.21236548251181375,32.64861290827452,90.6096070117128,56.51496294224589,0.0,14.385956173537359,279.665192570661,156.44009741634667,436.10528998700465,1.4
282,6520.0,S2 Improvement,217.73378546872482,23.70823799863019,9.152740392153646,15.245425516298184,131.8791444376584,24.920325638623247,0.0,9.51100705880336,358.76567029853686,73.38499621235498,432.15066651089364,0.7
283,4820.0,S2 Improvement,217.4420234673562,103.89510361088773,0.0,60.82333172147807,16.47920065237122,100.07180786694428,0.0,23.98034980615772,233.9212241197274,288.77059300546784,522.6918171251964,2.85
284,8320.0,S2 Improvement,297.3371270782445,56.9313357720932,3.891995949383272,40.59687523839273,75.954133280924,63.20928627966988,0.0,16.78404317072297,377.1832563085518,177.5215404608788,554.7047967694307,1.7
285,2220.0,S2 Improvement,330.2684628503375,40.584122215426014,3.904748972348898,27.893897332309468,111.2695222282855,44.655215427792626,0.0,14.089853348484134,445.4427340509719,127.22308832401225,572.6658223749837,1.15
286,7070.0,S2 Improvement,346.8525850657643,75.75005334996584,0.0,54.125477105179066,57.84785350559105,83.16166531406553,0.0,20.331459451853362,404.70043857135533,233.3686552210638,638.0690937924192,2.2
287,3420.0,S2 Improvement,398.6026384157303,34.48361262692696,19.64186447825341,20.772706155330482,120.23681266432686,36.41738949548784,0.0,12.839297182954136,538.4813155583106,104.51300546069942,642.9943210190067,0.9
288,9120.0,S2 Improvement,409.08625104265593,89.29215416786307,0.0,64.21775934031479,43.55885928522184,99.6068707879738,0.0,21.10153363995184,452.6451103278778,274.2183179361035,726.8634282639796,3.05
289,5220.0,S2 Improvement,474.3784052105184,58.285255515356326,5.932503824958985,38.244832793088705,104.92089728010978,63.125797164318456,0.0,15.231771087231445,585.2318063155872,174.88765655999492,760.1194628755766,1.6
290,2620.0,S2 Improvement,508.66366072587334,29.320837209320842,14.85649940872463,18.183674776590035,149.86301966783867,30.898104971824313,0.0,10.788881447573717,673.3831798024366,89.1914984053089,762.574678207744,0.8
291,8020.0,S2 Improvement,513.9844979351947,75.74273722948033,0.0,58.12951229756784,79.92904929792712,85.2145293884475,0.0,20.811828691484934,593.9135472331218,239.8986076069806,833.8121548400995,2.5
292,4420.0,S2 Improvement,565.7272351646752,45.811372349774466,12.318139947794407,34.3088438881887,130.8347347981835,46.27510257161501,0.0,15.249114550973541,708.8801099106531,141.64443336055172,850.5245432712036,1.2
293,6220.0,S2 Improvement,587.5386075144488,66.21528564488735,0.0,45.88664708998914,111.63488847090412,61.606137543823934,0.0,16.02960481301816,699.1734959853529,189.73767509171856,888.911171077074,1.8
294,3620.0,S2 Improvement,629.7538931593372,37.3346922184464,8.551954871541966,25.107709256040934,148.13331675868903,40.74912519925536,0.0,13.92519099955783,786.4391647895682,117.11671767330051,903.5558824628679,1.05
295,8520.0,S2 Improvement,643.0885853777836,90.05732151997336,0.0,58.124768030597664,74.36001653495623,92.21859715514775,0.0,23.673170195706753,717.4486019127398,264.07385690142553,981.5224588141646,2.75
296,4920.0,S2 Improvement,709.1459068977565,50.8696986324251,7.255069398172054,35.96315600616418,130.6154576839399,56.39128528096937,0.0,14.542554158973642,847.0164339798685,157.76669407853228,1004.7831280583996,1.4
297,2350.0,S2 Improvement,736.0156055301813,23.265474666346616,19.952750737989845,16.69667317365798,170.31006979125232,26.191594380662547,0.0,10.574731346451433,926.2784260594235,76.72847356711857,1003.0068996265436,0.7
298,8790.0,S2 Improvement,735.2810801965279,88.95528150823617,0.0,62.29677544053456,81.89903113479158,103.05786086651466,0.0,22.931643864165245,817.1801113313195,277.2415616794506,1094.4216730107728,2.85
299,6020.0,S2 Improvement,800.2363617047631,65.71094099476224,0.0,41.12991476806417,140.41281167901616,72.6731056155749,0.0,16.82065228097681,940.6491733837793,196.3346136593781,1136.9837870431584,1.75
300,4220.0,S2 Improvement,841.9473026995256,46.704794711838446,0.0,29.57965969264278,177.93137765817664,45.412779676770924,0.0,13.41516199003062,1019.8786803577023,135.11239607128277,1154.9910764289816,1.15
301,7520.0,S2 Improvement,24.652097411362774,80.67512822410212,0.0,54.02511809359746,118.22357070989165,88.13093523946455,0.0,22.343973052484642,142.87566812125442,245.17515460964879,388.0508227309001,2.25
302,3220.0,S2 Improvement,81.32722563546486,33.843033873064236,20.18208422053067,22.653227093515188,183.7012788558386,36.434108866696576,0.0,11.850026546592833,285.21058871183413,104.78039637986883,389.9909850917029,0.9
303,9150.0,S2 Improvement,91.17025950852985,98.77168484064246,0.0,62.37730201965077,101.82171217629002,106.41889198390355,0.0,26.31352615751142,192.99197168481987,293.88140500170823,486.87337668652617,3.1
304,5250.0,S2 Improvement,165.94194434917154,55.395821207707975,6.981480811940855,36.24791359742658,171.99269056276535,63.3828162867369,0.0,15.781577705664409,344.91611572387774,170.80812879753586,515.7242445214142,1.6
305,2650.0,S2 Improvement,197.33776555688019,28.232770139316557,14.996624270053871,19.552479266941305,215.823027582559,28.108174020537515,0.0,11.133138574888674,428.15741740949306,87.02656200168406,515.1839794111766,0.8
306,8050.0,S2 Improvement,201.5705356961953,83.0081080261681,0.0,60.68718701191507,134.78501010200853,91.31148534512309,0.0,21.205195537326944,336.3555457982038,256.2119759205332,592.5675217187381,2.5
307,4450.0,S2 Improvement,260.5786437223651,46.82285342441695,13.86433358749855,31.375327606462065,194.72116784066748,47.56575835323735,0.0,12.814596040016275,469.1641451505311,138.57853542413264,607.7426805746654,1.2
308,6250.0,S2 Improvement,283.40149714678046,66.9703975749855,0.0,43.25501091550673,177.30117889737448,58.965925812078154,0.0,17.29933834923105,460.70267604415494,186.49067265180145,647.193348695957,1.8
309,3650.0,S2 Improvement,326.3718947217676,38.162840931721774,5.092169983785425,24.30871841251742,211.9583862969339,42.35641207687018,0.0,13.067458530487068,543.4224510024869,117.89542995159644,661.3178809540841,1.05
310,8550.0,S2 Improvement,340.5347356534876,89.29354415377352,0.0,58.01421444129616,136.40792817503825,85.39736120466249,0.0,21.887938314689947,476.94266382852584,254.59305811442215,731.5357219429461,2.75
311,4950.0,S2 Improvement,405.8282798072614,47.53168052904889,10.482533912247163,34.12405148400915,187.68123789568926,52.79041737624205,0.0,14.597262207539705,603.9920516151979,149.0434115968398,753.0354632120398,1.4
312,2380.0,S2 Improvement,429.3599603363109,24.36573695634548,20.240848439912952,15.058811038312436,225.41284423361867,25.86542945355083,0.0,9.587847781534226,675.0136530098425,74.87782522974297,749.8914782395877,0.7
313,8820.0,S2 Improvement,429.72569729265524,90.89102003569676,0.0,61.232979127005436,134.45393400269677,93.41246118087,0.0,22.16915177763916,564.179631295352,267.70561212121135,831.8852434165601,2.85
314,6050.0,S2 Improvement,496.6167173283502,62.19577779566883,0.0,45.193533534390106,181.71006298050997,65.45082816254533,0.0,18.002163632443068,678.3267803088602,190.84230312504735,869.1690834339097,1.75
315,4250.0,S2 Improvement,534.8124951240206,41.33147080019616,3.862062734195206,27.441282169420067,219.71960897363533,46.44316948290751,0.0,12.496437630401234,758.3941668318512,127.71236008292496,886.1065269147766,1.15
316,7550.0,S2 Improvement,552.1439659242169,77.57785791318099,0.0,50.775380103277485,169.11288534370033,84.75474316907018,0.0,20.201972786711817,721.2568512679172,233.3099539722405,954.5668052401561,2.25
317,3250.0,S2 Improvement,605.7218238373971,35.50768315390947,15.267696949369565,22.98860810484171,230.87902040792687,35.8573728371235,0.0,11.812162608930684,851.8685411946935,106.16582670480537,958.0343678994977,0.9
318,9180.0,S2 Improvement,617.2295069913052,103.36714849210584,0.0,65.74505642759567,135.88049337955817,102.85823899865001,0.0,23.556097926527624,753.1100003708634,295.52654184487915,1048.6365422157469,3.1
319,5280.0,S2 Improvement,696.5966554834122,58.233900324189875,7.5111561034063925,37.01277425438066,201.7259581238286,57.548552467431406,0.0,14.980621484878377,905.8337697106472,167.77584853088032,1073.6096182415313,1.6
320,2680.0,S2 Improvement,730.8305558076027,27.365785039498213,17.158145318288007,17.439872918519125,241.83463767274225,31.506428024111656,0.0,10.658024216971846,989.8233387986329,86.97011019910084,1076.7934489977379,0.8
321,8080.0,S2 Improvement,734.196340847102,82.23690989065983,0.0,56.794767934045744,168.9074061089559,87.94589858215531,0.0,21.165096067382517,903.1037469560579,248.1426724742434,1151.246419430303,2.5
322,4480.0,S2 Improvement,792.4332507377621,46.88079926764296,9.91396866640207,30.310171092798317,226.54313359831212,47.31308384522898,0.0,13.843806631922043,1028.8903530024763,138.3478608375923,1167.2382138400717,1.25
323,6280.0,S2 Improvement,815.3140500054069,70.48306146304135,0.0,45.39423205239227,198.20306368730962,75.69052069871817,0.0,18.41143718738826,1013.5171136927165,209.97925140154004,1223.4963650942555,1.85
324,3680.0,S2 Improvement,861.7971114684478,40.544659708212265,4.84957234418107,26.46692665756517,247.42665772846158,41.15659812719379,0.0,12.768366631742584,1114.0733415410905,120.9365511247138,1235.009892665803,1.05
325,8580.0,S2 Improvement,878.3417711766597,91.56934694216457,0.0,63.77186694350874,164.55854097172778,95.99722200880286,0.0,21.532166780830824,1042.9003121483875,272.870602675307,1315.7709148236936,2.75
326,4980.0,S2 Improvement,105.91111811882365,51.402517488143346,12.369349455366319,35.34414447661868,225.21161850391218,57.20302494641963,0.0,14.360571389165434,343.49208607810215,158.3102583003471,501.80234437844774,1.45
327,2410.0,S2 Improvement,133.31363560696627,24.252519411082737,23.4609745209018,16.295132233820514,266.11951121651146,24.679023661256814,0.0,10.167317010367006,422.8941213443795,75.39399231652708,498.2881136609067,0.7
328,8850.0,S2 Improvement,133.56615501804845,71.9198842728195,0.0,51.20553907381313,207.42921828585895,87.15610026195415,0.0,20.235762384040903,340.9953733039074,230.51728599262768,571.5126592965316,2.3
329,6080.0,S2 Improvement,181.48603929086676,41.264478461862296,9.941060611952707,27.923121066450843,266.66219748136064,45.81519030399009,0.0,12.348614460974673,458.0892973841801,127.35140429327791,585.4407016774567,1.15
330,4280.0,S2 Improvement,198.75051775272732,108.49810000848252,0.0,68.72476298324077,173.1187064720325,107.89642801129074,0.0,24.654708051689582,371.8692242247598,309.7739990547036,681.643223279465,3.25
331,7580.0,S2 Improvement,283.24861776120815,31.13752971899715,37.58723326424297,21.64888734068129,259.36624714264326,33.77969592175061,0.0,11.272314272792629,580.2020981680944,97.83842725422168,678.0405254223188,0.85
332,3280.0,S2 Improvement,290.386147480207,68.89337000617152,0.0,44.45635254043688,239.03234112271093,75.24741493150893,0.0,18.098120933406584,529.4184886029179,206.69525841152392,736.1137470144422,1.95
333,9210.0,S2 Improvement,335.2795174863786,52.87308544345751,0.0,33.060486867894376,272.80253628330684,55.65134186935514,0.0,14.531270170658876,608.0820537696854,156.11618435136592,764.1982381210473,1.35
334,5310.0,S2 Improvement,364.1526029298366,89.03090709258186,0.0,64.25062170423415,208.23283622373492,97.35272105045412,0.0,21.741696640715013,572.3854391535715,272.3759464879852,844.7613856415592,2.65
335,2710.0,S2 Improvement,429.1835100224198,23.349928018897213,40.90069368533659,15.732114227674495,289.85344304651517,22.17619976501483,0.0,10.057988791586718,759.9376467542716,71.31623080317326,831.2538775574467,0.65
336,8110.0,S2 Improvement,428.53343804131873,68.66394491242366,0.0,48.28969546117812,251.7088103509377,82.98332095310687,0.0,17.756624133718006,680.2422483922564,217.69358546042668,897.9358338526836,2.05
337,4510.0,S2 Improvement,473.1973829537419,39.2286158407102,9.061079620467353,24.087607591228625,310.60452371281644,37.37231715585232,0.0,12.2371376585669,792.8629862870257,112.92567824635805,905.788664533382,0.95
338,6310.0,S2 Improvement,488.42599879445333,92.83263223925788,0.0,63.081448502660024,225.2114473384463,102.02462256755345,0.0,24.093814444043183,713.6374461328996,282.0325177535145,995.6699638864156,3.05
339,3710.0,S2 Improvement,557.2586310337101,58.7978027707121,4.283645731949946,37.6723166059244,289.5637533000772,61.13100873857446,0.0,16.333796718428708,851.1060300657373,173.93492483363968,1025.040954899374,1.6
340,8610.0,S2 Improvement,592.0564338044205,29.5736359019517,12.38232643592346,20.469748611666887,330.22501342698524,30.123836619603328,0.0,10.90905944064002,934.6637736673292,91.07628057386194,1025.7400542411924,0.8
341,5010.0,S2 Improvement,597.6300697063707,78.22656673266374,0.0,59.63872610456812,255.33563225694888,88.25250261082743,0.0,21.06870013245186,852.9657019633196,247.18649558051115,1100.15219754383,2.5
342,2310.0,S2 Improvement,651.8566364390354,45.417657999131265,14.221068105434824,29.181234993458986,314.4068998743169,51.35839809242519,0.0,14.203040523070978,980.4846044187871,140.1603316080864,1120.644936026878,1.2
343,7710.0,S2 Improvement,673.274294438168,59.57142989082076,0.0,46.95210390983201,302.6440672649842,71.1004911721517,0.0,16.85735478185518,975.9183617031522,194.48137975465966,1170.3997414578116,1.8
344,4110.0,S2 Improvement,708.8457243289886,37.990896506380324,8.961207403452136,27.551620430908955,346.1929380062247,38.79100024255577,0.0,13.692748928226601,1063.9998697386654,118.02626610807165,1182.0261358467396,1.05
345,9410.0,S2 Improvement,722.8366208353691,90.66256987181009,0.0,62.34940340569338,268.4847928056406,97.81856406847302,0.0,22.347234153582814,991.3214136410097,273.1777714995593,1264.4991851405648,2.75
346,2910.0,S2 Improvement,789.4991907071781,50.92485233506685,11.424551070627786,33.88445728009499,332.4188995940167,55.331137325872206,0.0,15.519024608048149,1133.3426413718225,155.65947154908218,1289.0021129209053,1.4
347,6510.0,S2 Improvement,816.4240430422433,23.454686958503494,21.8543213922203,16.62193295723642,371.12810396265195,26.87235729695214,0.0,9.877202542852663,1209.4064683971155,76.82617975554471,1286.2326481526616,0.7
348,4810.0,S2 Improvement,815.8787300007461,96.11698800964736,0.0,57.44433916084911,282.9153884385705,91.25722900605344,0.0,23.51398535079794,1098.7941184393167,268.33254152734787,1367.1266599666596,2.85
349,8310.0,S2 Improvement,887.995718010392,63.214296838182996,0.0,41.74526383150422,326.65739593578473,65.98946017434331,0.0,16.629536291940713,1214.6531139461767,187.57855713597127,1402.231671082147,1.7
350,2210.0,S2 Improvement,927.2100148485733,42.124059858850465,0.0,31.031189596492,361.23687048628926,49.46819703481928,0.0,12.661035496401368,1288.4468853348626,135.28448198656312,1423.7313673214267,1.15
1,8542.0,S3 Improvement,0.0,85.492513664305,0.0,75.01092535854785,0.0,75.68529114226052,0.0,17.915896835319547,0.0,254.1046270004329,254.1046270004329,1.42
2,3210.0,S3 Improvement,61.492513664304994,34.40547589591808,40.605449462629764,27.580720731052274,48.10457041120824,28.328551486143784,0.0,10.434852985716041,150.202533538143,100.74960109883017,250.95213463697314,2.15
3,6400.0,S3 Improvement,68.89798956022307,66.36689569800846,1.8192744956735964,59.68534102681504,16.747780870536985,58.15322104052939,0.0,21.43368784751287,87.46504492643365,205.63914561286578,293.1041905392994,0.88
4,9120.0,S3 Improvement,108.26488525823152,85.38537743958784,0.0,79.99822062115845,0.0,85.85987739764745,0.0,20.880880252551208,108.26488525823152,272.12435571094494,380.38924096917646,3.1
5,4500.0,S3 Improvement,176.65026269781936,49.282264828357796,30.715955792800628,39.09493317119151,46.76494422645595,41.70508204391522,0.0,15.6259414894814,254.13116271707594,145.7082215329459,399.8393842500219,1.75
6,2800.0,S3 Improvement,208.93252752617718,29.9392802586989,39.87160870529323,27.92005294214877,60.54997332822245,26.23991708022607,0.0,10.522183979579644,309.35410955969286,94.62143426065339,403.97554382034616,1.2
7,7300.0,S3 Improvement,215.87180778487607,75.31944604878264,0.0,66.323264035126,12.938841971981844,63.81231415968232,0.0,19.718399509875706,228.8106497568579,225.17342375346666,453.9840735103245,2.45
8,5100.0,S3 Improvement,268.1912538336587,50.788489380105595,15.534774655020385,46.20322160324293,30.547934528421138,45.39138375975261,0.0,15.13617744099574,314.27396301710024,157.51927218409688,471.79323520119715,0.95
9,3900.0,S3 Improvement,294.9797432137643,42.2122417945982,19.52575446366518,34.74637481079159,41.19294347738207,31.82798527168982,0.0,13.86595319869099,355.6984411548116,122.65255507577061,478.35099623058227,1.8
10,8800.0,S3 Improvement,310.1919850083625,92.87047260393204,0.0,76.38157153657104,0.0,80.6929048052714,0.0,23.955553329890897,310.1919850083625,273.90050227566536,584.0924872840279,2.9
11,6100.0,S3 Improvement,377.06245761229457,52.22488769379238,24.156683842778648,51.958703963896944,28.734200841374445,54.55544041081355,0.0,17.49844606443788,429.95334229644766,176.23747813294077,606.1908204293884,1.35
12,4200.0,S3 Improvement,406.287345306087,43.31515100163343,32.80023680504212,35.89659714760719,47.39304410458078,39.41065433492227,0.0,11.890346696376525,486.4806262157099,130.5127491805394,616.9933753962493,2.05
13,7600.0,S3 Improvement,422.60249630772046,73.46091270776513,0.0,65.28985448574754,16.74976519863958,65.63304244207897,0.0,19.401454249003145,439.35226150636004,223.7852638845948,663.1375253909548,1.15
14,2400.0,S3 Improvement,471.0634090154856,26.313217622988944,38.976636862758596,23.612517871226075,58.77028976949248,22.302510164960385,0.0,9.913970824621146,568.8103356477367,82.14221648379655,650.9525521315333,0.7
15,9500.0,S3 Improvement,471.3766266384746,87.65258707748535,0.0,89.95065546702506,0.0,85.69161896688007,0.0,25.077759613650603,471.3766266384746,288.37262112504106,759.7492477635158,3.3
16,3100.0,S3 Improvement,533.0292137159599,35.51946315816131,54.43119230886373,25.74879460109695,59.94282436578317,28.847486356950952,0.0,11.538522830115916,647.4032303906068,101.65426694632512,749.0574973369319,1.1
17,5800.0,S3 Improvement,542.5486768741213,61.64697328075435,18.53301362920638,54.40677874320322,34.383531979530744,56.41621218782006,0.0,14.017380243121472,595.4652224828584,186.4873444548991,781.9525669377576,1.9
18,8200.0,S3 Improvement,577.1956501548756,85.93660582643497,0.0,69.66905179318482,8.13387892014066,75.26585230357192,0.0,21.13772033637814,585.3295290750162,252.00923025956985,837.338759334586,2.6
19,4100.0,S3 Improvement,638.1322559813107,37.538487242679764,32.130564550504914,39.01075126075962,44.38897996295282,41.160780192618326,0.0,13.563525294146004,714.6518004947684,131.27354399020373,845.9253444849724,1.25
20,6700.0,S3 Improvement,650.6707432239905,69.38964013676824,1.751675674496255,61.6884598162368,23.86130033933432,59.06450336805325,0.0,19.562831070733257,676.2837192378211,209.70543439179156,885.9891536296127,2.1
21,2900.0,S3 Improvement,695.0603833607588,30.219992683025964,33.220142807707134,29.0390536292005,53.886750078187106,25.381499308303574,0.0,10.407635191705442,782.167276246653,95.04818081223547,877.2154570588884,0.85
22,9300.0,S3 Improvement,700.2803760437848,95.29859542865067,0.0,82.8736676333406,0.0,87.12430932875759,0.0,22.835475431313114,700.2803760437848,288.13204782206196,988.4124238658469,3.2
23,5400.0,S3 Improvement,770.5789714724356,55.656200855629834,27.217466777710797,47.11725366011306,40.007055668644625,53.355213674958364,0.0,14.601576563002615,837.803493918791,170.7302447537039,1008.5337386724948,1.5
24,3600.0,S3 Improvement,801.2351723280653,38.81564635364329,35.519074084180374,30.665427286187285,62.69684205741578,31.57595643671864,0.0,12.794600204605173,899.4510884696615,113.85163028115439,1013.3027187508158,1.05
25,7800.0,S3 Improvement,815.0508186817087,75.21749640704343,0.0,71.33073576201616,13.909067695442218,72.07752181417328,0.0,17.607005334842214,828.959886377151,236.23275931807507,1065.192645695226,2.35
26,4900.0,S3 Improvement,40.26831508875216,51.03851703885474,20.292218723161568,42.52377616264909,43.46281334696641,42.97872530208553,0.0,15.415897106245074,104.02334715888014,151.95691560983443,255.98026276871428,1.4
27,2200.0,S3 Improvement,69.30683212760687,22.64451087618282,40.171484009627875,18.318748447676878,68.12279020137498,21.06782377888961,0.0,9.840255844644734,177.60110633860972,71.87133894739405,249.47244528600368,0.65
28,8700.0,S3 Improvement,65.95134300378959,92.8773253868123,0.0,82.03957037633327,0.0,73.73385819467335,0.0,21.12391002565079,65.95134300378959,269.77466398346974,335.7260069872593,2.8
29,6000.0,S3 Improvement,134.82866839060193,62.43711344773008,19.60245692860326,52.58104651795389,21.152811676719466,60.259541591199905,0.0,16.21589080056915,175.58393699592466,191.49359235745302,367.0775293533777,1.7
30,4300.0,S3 Improvement,174.26578183833203,40.98796711696151,31.195536329595598,38.232500305180935,43.17985296273832,38.25470768412617,0.0,13.589939783276428,248.64117113066595,131.06511488954504,379.7062860202109,1.15
31,7500.0,S3 Improvement,190.25374895529353,78.22376014859994,0.0,67.7460687402742,4.892768392766811,63.90232334781706,0.0,20.057082615712112,195.14651734806034,229.9292348524033,425.0757522004635,2.2
32,3300.0,S3 Improvement,243.47750910389345,36.73847965267546,31.007589087598717,30.61579344474823,38.17929829583545,31.01664534569094,0.0,12.560370052392917,312.6643964873276,110.93128849550753,423.59568498283534,0.95
33,9100.0,S3 Improvement,255.215988756569,100.28456096034544,0.0,75.14639216548974,0.0,80.95429066663552,0.0,21.77515346237881,255.215988756569,278.1603972548495,533.3763860114186,3.05
34,5200.0,S3 Improvement,330.5005497169145,52.604093405895426,22.54229875959436,41.27723948097883,39.67705118565664,48.51775326596625,0.0,15.70536638015519,392.7198996621655,158.10445253299568,550.8243521951613,1.6
35,2700.0,S3 Improvement,360.1046431228099,26.602935681389198,37.21660255918391,25.283201318082536,62.911603133540666,24.141031725208975,0.0,10.464279140945452,460.23284881553445,86.49144786562616,546.7242966811605,0.8
36,8000.0,S3 Improvement,362.7075788041991,88.47383325895679,0.0,67.81280933044927,0.0,73.21341217770747,0.0,23.567480758463173,362.7075788041991,253.0675355255767,615.775114329776,2.5
37,4600.0,S3 Improvement,425.1814120631557,43.57237720395283,24.24043212649667,36.88646804218325,36.32694413552417,40.846903441594236,0.0,17.25051309297043,485.7487883251765,138.55626178070077,624.3050501058774,1.3
38,6300.0,S3 Improvement,444.75378926710846,65.8426780015365,0.0,58.58994753067697,13.868122213585139,53.136263674210674,0.0,20.93766158463889,458.6219114806936,198.50655079106303,657.1284622717567,1.85
39,3800.0,S3 Improvement,486.59646726864503,38.45311547683805,20.136832053839044,32.337630344050034,34.666755543745694,32.905801997742394,0.0,13.350352729471235,541.4000548662298,117.04690054810172,658.4469554143311,1.0
40,8900.0,S3 Improvement,501.0495827454829,93.72442749768943,0.0,82.70168770385862,0.0,79.6027532044515,0.0,24.42710023473886,501.0495827454829,280.45596864073843,781.5055513862208,2.95
41,5600.0,S3 Improvement,569.7740102431721,59.46340250351411,23.238285200344308,49.02510698007052,30.577646224380715,55.207523187312134,0.0,15.47636182334778,623.5899416678972,179.17239449424457,802.7623361621422,1.65
42,2500.0,S3 Improvement,606.2374127466865,27.73482995363302,44.528562226782014,21.693939537758048,64.09122987393494,21.828986050720033,0.0,8.887969883308953,714.8572048474034,80.14572542542005,795.0029302728235,0.75
43,7200.0,S3 Improvement,609.9722427003194,75.2490456999379,0.0,67.59667359615892,9.29699839309842,66.31617378002746,0.0,19.419882344523273,619.2692410934178,228.58177542064755,847.8510165140651,2.15
44,4000.0,S3 Improvement,662.2212884002574,42.10214439710597,25.494529199052977,36.44553433957894,39.167637833546905,35.38263931110688,0.0,12.965412614033088,726.8834554328573,126.89573066182487,853.7791860946818,1.1
45,9600.0,S3 Improvement,679.3234327973632,98.46933056509785,0.0,83.1484325518939,0.0,87.5806612761179,0.0,25.746323660421854,679.3234327973632,294.9447480535315,974.2681808508951,3.35
46,3000.0,S3 Improvement,752.7927633624613,30.474813854707786,52.67361869718616,26.827291210074222,60.75337006604377,26.2297833144401,0.0,11.235047013034997,866.2197521256912,94.76693539225711,960.9866875179487,0.9
47,6500.0,S3 Improvement,758.2675772171692,61.299915635501705,18.200994271758645,51.69659267394852,35.28656070653551,58.09303529491618,0.0,18.416322470237663,811.7551321954634,189.50586607460409,1001.2609982700674,1.95
48,4800.0,S3 Improvement,794.567492852671,48.006950893456235,21.89063605225101,44.82861572088472,48.55098028056727,42.31004024351059,0.0,16.236965370627217,865.0091091854893,151.38257222847878,1016.391681413968,1.35
49,8400.0,S3 Improvement,817.5744437461271,95.98346089802013,0.0,80.59142912836492,0.0,80.4515355321511,0.0,23.443719984590608,817.5744437461271,280.47014554312676,1098.0445892892535,2.7
50,2100.0,S3 Improvement,888.5579046441471,24.198109628389865,56.39331949997495,18.606657167917145,61.844878364233864,18.778935342278142,4.6647846423124975,10.258407685240769,1011.4608871506684,71.84210982382592,1083.3029969744944,0.6
51,7000.0,S3 Improvement,57.75601427253696,74.6202086004701,0.3797680674219919,66.2071349067084,14.416678799803776,66.77999961598776,0.0,17.819258548872828,72.55246113976273,225.4266016720391,297.97906281180167,2.05
52,3500.0,S3 Improvement,108.37622287300701,34.466805946944135,32.12009702718615,31.00327836360513,50.19340005218646,33.112480506464244,0.0,13.190457872478955,190.68971995237962,111.77302268949248,302.46274264187196,1.0
53,9000.0,S3 Improvement,117.84302881995109,103.59509499492894,0.0,79.944553072839,0.0,82.02278043877841,0.0,23.391132877463285,117.84302881995109,288.9535613840096,406.7965902039605,3.0
54,5300.0,S3 Improvement,196.43812381487987,51.040172315051436,28.90438075778775,47.485047146459415,34.53773329231899,49.03205598672987,0.0,15.51035644743623,259.8802378649866,163.06763189567695,422.94786976066325,1.55
55,2600.0,S3 Improvement,223.4782961299311,29.137939860290157,47.25148804395667,25.163507293689207,58.40628198535978,25.5959423784756,0.0,11.748523968141583,329.13606615924755,91.64591350059655,420.7819796598442,0.8
56,8100.0,S3 Improvement,228.6162359902214,85.26936829808103,0.0,68.39179728538599,2.7560541180141627,70.1203788952481,0.0,23.34984544121795,231.37229010823557,247.1313899199331,478.5036800281687,2.55
57,4400.0,S3 Improvement,289.8856042883026,47.30735456350692,21.084442721878986,35.732490062452534,37.14394295080956,39.431508154899376,0.0,15.515442779893629,348.11398996099115,137.98679556075246,486.10078552174355,1.2
58,6200.0,S3 Improvement,313.19295885180964,64.4591436654381,0.0,55.70938272972467,13.223857494877393,53.560990943334104,0.0,17.169674005841788,326.416816346687,190.89919134433867,517.3160076910262,1.8
59,3700.0,S3 Improvement,352.65210251724784,39.03412865570071,16.675254074023997,34.54894164596024,32.23590679225117,34.770577233300244,0.0,12.672543187779622,401.563263383523,121.02619072274082,522.5894541062639,1.05
60,8600.0,S3 Improvement,367.68623117294874,92.78752255137408,0.0,82.46882076941057,0.0,82.80721067905876,0.0,23.0036454621587,367.68623117294874,281.0671994620021,648.7534306349507,2.75
61,5000.0,S3 Improvement,437.4737537243227,54.790059752927284,27.67876101648335,45.299555308281896,37.507655370776774,44.501128435638364,0.0,16.63539062250354,502.66017011158283,161.2261341193511,663.886304230934,1.45
62,2300.0,S3 Improvement,469.2638134772501,26.949887800308918,46.02842852445656,20.11592869736049,61.89285510905438,19.525315947073928,0.0,10.904032732205353,577.185097110761,77.49516517694869,654.6802622877099,0.7
63,7700.0,S3 Improvement,472.2137012775588,77.73470723456452,0.0,64.32749435238078,5.500326691000282,74.28621768242775,0.0,19.773910640083944,477.7140279685591,236.12232990945702,713.8363578780163,2.3
64,4150.0,S3 Improvement,524.9484085121235,42.935612187486704,21.391882164894014,34.35857350766923,45.42797086575911,36.11905613605389,0.0,13.190276095545704,591.7682615427766,126.60351792675553,718.3717794695322,1.15
65,9400.0,S3 Improvement,543.8840206996101,96.51254646684211,0.0,91.2924587791012,0.0,82.41102376669386,0.0,24.098168821736287,543.8840206996101,294.31419783437343,838.1982185339834,3.25
66,2950.0,S3 Improvement,616.3965671664523,32.63278876022751,58.65967001887384,26.169699008286727,56.24132475840679,26.672623795852964,0.0,10.735391839550877,731.297561943733,96.21050340391808,827.5080653476512,0.85
67,6600.0,S3 Improvement,625.0293559266797,70.4722306432237,14.357138383937126,56.07035252584296,26.84359602841687,62.47555944105284,0.0,18.008814359870634,666.2300903390337,207.02695696999012,873.2570473090236,2.0
68,4700.0,S3 Improvement,671.5015865699033,46.35283735301722,24.07465355676277,39.25386560224908,50.065289867221054,39.52728760323504,0.0,16.183416691296998,745.6415299938872,141.31740724979835,886.9589372436849,1.3
69,8300.0,S3 Improvement,692.8544239229204,77.76766276762702,0.0,68.55775569193865,6.595678169902385,76.003387293401,0.0,22.634572371364072,699.4501020928228,244.96337812433075,944.4134802171529,2.65
70,2250.0,S3 Improvement,745.6220866905473,22.86816881159835,45.68958688034036,20.864853799951735,61.73421166335174,17.830916955731364,4.80365541563242,10.237888405450013,857.8495406498719,71.80182797273146,929.6513686226026,0.65
71,7100.0,S3 Improvement,744.4902555021454,74.89830131706208,0.0,61.52729255151048,9.69397543080322,63.44382825074395,0.0,18.420871876506382,754.1842309329486,218.29029399582288,972.4745249287707,2.1
72,3400.0,S3 Improvement,795.3885568192072,36.66471301227853,24.862579539231774,30.65167686716881,42.48612681437771,28.903433456610912,0.0,12.142594793371929,862.7372631728167,108.36241812943018,971.0996813022475,0.95
73,9200.0,S3 Improvement,808.0532698314855,99.99573005979448,0.0,89.71901350327848,0.0,84.97137385085315,0.0,21.649632759422815,808.0532698314855,296.33575017334897,1104.3890200048354,3.15
74,5500.0,S3 Improvement,884.0489998912799,56.354103671001155,33.36490983227759,47.37880294012269,37.5925709107305,48.859502605793324,0.0,17.546300076062536,955.006480634288,170.13870929297968,1125.1451899272688,1.65
75,2850.0,S3 Improvement,916.4031035622811,28.408075434816876,52.33563733758365,23.62186172281478,62.83021179370917,24.206680225712027,0.0,11.101687809813928,1031.568952693574,87.33830519315761,1118.9072578867317,0.85
76,7900.0,S3 Improvement,84.81117899709807,78.90650358055815,0.0,64.67043054002774,19.417456959234187,67.55603280520218,0.0,21.603162526262096,104.22863595633225,232.7361294520502,336.96476540838285,2.4
77,4550.0,S3 Improvement,139.71768257765598,43.85783318004621,20.812597359981737,38.912868591388616,48.060621173048276,38.821498297601494,0.0,13.848922130892289,208.590901110686,135.4411221999286,344.032023310614,1.25
78,6400.0,S3 Improvement,159.5755157577023,62.425152571696,0.0,56.3982304005329,27.784202449790428,58.47615415437383,0.0,17.470489763602675,187.35971820749273,194.7700268902054,382.129745097699,1.9
79,3750.0,S3 Improvement,198.00066832939865,35.18580718482885,21.212423215703893,31.736103234542067,54.524253369621874,32.55159838256605,0.0,13.61511497261385,273.7373449147244,113.08862377455081,386.8259686892761,1.0
80,8750.0,S3 Improvement,209.18647551422782,89.98208400992833,0.0,74.46993217524327,0.0,77.53357841534839,0.0,21.838403335153565,209.18647551422782,263.82399793567356,473.01047344990184,2.85
81,5150.0,S3 Improvement,275.1685595241561,55.5264606969884,18.94347147825465,44.04325852860088,33.490319886747784,46.56236099567009,0.0,14.414640027807941,327.6023508891585,160.5467202490673,488.14907113822574,1.5
82,2350.0,S3 Improvement,306.69502022114466,24.343312146350776,38.643417860505,18.954105736613897,61.09857514580381,19.557210089173925,0.0,10.279104973362248,406.43701322745346,73.13373294550085,479.5707461729544,0.7
83,7650.0,S3 Improvement,307.03833236749506,80.64939253210413,0.0,67.36207513768181,0.0,72.10724791585427,0.0,20.90709467834428,307.03833236749506,241.02581026398445,548.0641426314796,2.3
84,4050.0,S3 Improvement,363.68772489959883,45.509542170847375,21.852532966834588,34.1200590354843,37.98718888037001,35.772610276306615,0.0,12.762639692927392,423.52744674680343,128.16485117556567,551.6922979223691,1.1
85,9550.0,S3 Improvement,385.1972670704463,96.90757689560819,0.0,82.26913195822823,0.0,94.81477269060052,0.0,25.618730609289763,385.1972670704463,299.6102121537267,684.8074792241732,3.3
86,3050.0,S3 Improvement,458.10484396605443,29.946253734663156,52.32287822356466,28.909109767483837,65.90566292311723,27.25928359763122,0.0,10.95588414148843,576.3333851127363,97.07053124126664,673.4039163540028,0.9
87,6550.0,S3 Improvement,464.05109770071795,65.19907159898511,16.03291639206327,64.00613290207689,29.158813618671047,59.84775514447687,0.0,18.59822677492151,509.24282771145226,207.65118642046036,716.8940141319126,1.95
88,4850.0,S3 Improvement,505.250169299703,52.206131097243535,27.83291819689748,41.24674133813369,47.75982742501401,38.07230272721713,0.0,14.792533848893614,580.8429149216145,146.31770901148798,727.1606239331022,1.35
89,8350.0,S3 Improvement,533.4563003969461,85.01372460590726,0.0,72.40336131081226,0.0,77.32097984806425,0.0,22.921404545507446,533.4563003969461,257.6594703102912,791.1157707072371,2.65
90,2150.0,S3 Improvement,594.4700250028536,23.44733488865191,48.956026422159994,17.442865150471786,59.87811469759254,19.448773188039926,3.472631357467435,9.943428930770391,706.7767974800736,70.28240215793402,777.0591996380072,0.6
91,7050.0,S3 Improvement,593.9173598915058,75.55518541759115,0.0,58.93802645496888,11.232567585703691,58.381291490857336,0.0,18.523063511693344,605.1499274772095,211.39756687511073,816.5474943523204,2.05
92,3450.0,S3 Improvement,645.4725453090969,34.46003635561955,24.47799009934988,30.89965210154005,38.714206975021625,29.293836287075187,0.0,11.786902445565463,708.6647423834684,106.44042718980023,815.1051695732685,0.95
93,9150.0,S3 Improvement,655.932581664716,92.81674087006805,0.0,73.3557878585234,0.0,80.72927312669127,0.0,21.83834719516554,655.932581664716,268.7401490504483,924.672730715165,3.1
94,5250.0,S3 Improvement,724.7493225347844,57.654397865352585,15.701389993170778,42.26660672263972,38.46266640405156,45.74859485421206,0.0,15.365769843826257,778.9133789320067,161.03536928603063,939.9487482180375,1.6
95,2650.0,S3 Improvement,758.403720400137,26.008826342833377,31.959170372977496,22.67029119756813,61.540970060695145,22.492178924934514,0.0,9.934925101010375,851.9038608338096,81.10622156634639,933.0100824001565,0.8
96,8050.0,S3 Improvement,760.4125467429703,86.185585847099,0.0,71.65369823301526,0.0,71.99972866837284,0.0,22.264761469328047,760.4125467429703,252.10377421781516,1012.5163209607854,2.5
97,4450.0,S3 Improvement,822.5981325900693,42.2185011324544,29.4351971005608,41.525470315809606,30.474258352563083,39.173214000745794,0.0,14.960777125784134,882.5075880431932,137.8779625747939,1020.385550617988,1.2
98,6250.0,S3 Improvement,840.8166337225239,70.42997566706052,0.5306917493098808,54.419505606910455,15.227966746399034,56.23201402983881,0.0,17.154070634418098,856.5752922182328,198.2355659382279,1054.810858156461,1.8
99,3650.0,S3 Improvement,887.2466093895846,35.91046962442666,19.03972773179339,31.491156787671297,39.96882398856633,34.20455911664015,0.0,12.834154932285902,946.2551611099443,114.44034046102401,1060.6955015709682,1.05
100,8550.0,S3 Improvement,899.1570790140113,91.32783224124208,0.0,79.38643984889865,0.0,74.56762344954745,0.0,23.207336098674887,899.1570790140113,268.4892316383631,1167.6463106523752,2.75
101,4950.0,S3 Improvement,126.48491125525379,50.30440699876138,29.082032850136784,44.003412936198195,30.56421051334928,45.28988174144568,0.0,13.843648762428588,186.13115461873986,153.44135043883387,339.57250505757384,1.4
102,2380.0,S3 Improvement,152.7893182540156,22.81568948034436,50.269756305990995,20.85893797437892,54.99515428041559,20.432012810185075,0.0,10.066583589285784,258.0542288404222,74.17322385419413,332.22745269461666,0.7
103,8820.0,S3 Improvement,151.6050077343598,91.04291889780826,0.0,75.03785680694484,0.0,81.7511227301113,0.0,24.29891696553758,151.6050077343598,272.13081540040196,423.73582313476163,2.85
104,6050.0,S3 Improvement,218.6479266321685,58.99851610702592,16.039340699918284,57.283560874585596,24.467561855525673,54.945749187239734,0.0,17.25429400147706,259.15482918761245,188.4821201703283,447.6369493579414,1.75
105,4250.0,S3 Improvement,253.64644273919475,40.38741147325553,32.93549010124843,37.388311507599205,42.02499953516599,36.83090455577369,0.0,13.079477273421102,328.6069323756092,127.68610481004953,456.29303718565825,1.15
106,7550.0,S3 Improvement,270.03385421245,80.6785037808544,0.0,74.3199497107711,0.0,61.76749324926797,0.0,17.935145499006783,270.03385421245,234.70109223990025,504.7349464523495,2.25
107,3250.0,S3 Improvement,326.71235799330407,29.972436302733577,44.34751340803723,28.196048178477852,33.571445070790105,30.312024456195196,0.0,12.229380733908663,404.6313164721314,100.7098896713153,505.34120614344647,0.9
108,9180.0,S3 Improvement,332.6847942960376,90.8171940872486,0.0,78.59145859912022,0.0,84.15602112290907,0.0,22.76840887661446,332.6847942960376,276.33308268589235,609.0178769819304,3.1
109,5280.0,S3 Improvement,399.5019883832865,54.238497735962966,24.352960863157023,39.67589457830707,44.48012654460217,49.23817715800061,0.0,14.745707762429776,468.3350757910457,157.89827723470043,626.2333530257456,1.6
110,2680.0,S3 Improvement,429.7404861192499,27.51396998033064,36.51488546113342,24.473996416119814,69.24430728648258,26.827613619399855,0.0,10.463083374542748,535.4996788668659,89.27866339039306,624.7783422572593,0.8
111,8080.0,S3 Improvement,433.25445609958024,85.6164299382604,0.0,72.30284063129635,0.0,66.70582516840277,0.0,22.30674270495083,433.25445609958024,246.93183844291033,680.1862945424909,2.5
112,4480.0,S3 Improvement,494.87088603784105,42.7649814614325,29.537859169863623,42.1703817339377,24.53544343446538,42.127302847472,0.0,14.41759550007022,548.94418864217,141.48026154291244,690.4244501850817,1.2
113,6280.0,S3 Improvement,513.6358674992734,63.757914092067665,7.950326811733248,49.66475150359995,16.99799477833676,48.34631195449704,0.0,16.783942397987598,538.5841890893435,178.55291994815227,717.137109037496,1.8
114,3680.0,S3 Improvement,553.3937815913414,37.51680650606433,20.098271809269136,30.784782040699668,34.55952469213389,36.96772909947471,0.0,12.73474858915339,608.0515780927444,118.00406623539209,726.0556443281366,1.05
115,8580.0,S3 Improvement,566.9105880974057,85.7083795507126,0.0,70.29787397839932,0.0,72.75208095061821,0.0,19.69975908608438,566.9105880974057,248.45809356581452,815.3686816632207,2.75
116,4980.0,S3 Improvement,628.6189676481181,50.22024328336955,20.077630695030166,42.47950687151492,30.272574079103833,39.675528304361,0.0,15.25103837913255,678.9691724222521,147.62631683837802,826.5954892606296,1.4
117,2410.0,S3 Improvement,654.8392109314873,23.927265296361906,38.629872270183114,20.631119525489588,49.316982857975745,20.416661692309372,0.0,9.975759005472288,742.7860660596461,74.95080551963315,817.7368715792791,0.7
118,8850.0,S3 Improvement,654.7664762278491,92.41860983303694,0.0,78.44463947052479,0.0,75.27176767994821,0.0,24.221894861422513,654.7664762278491,270.3569118449325,925.1233880727814,2.85
119,6080.0,S3 Improvement,723.1850860608856,64.16199419821994,14.282645272304762,56.84568005524873,18.426087624699903,58.48262559911989,0.0,18.3769626413801,755.8938189578903,197.86726249396867,953.7610814518594,1.75
120,4280.0,S3 Improvement,763.3470802591055,43.53713807285537,27.591187254697616,36.03746222994246,40.871250993877766,39.85405849595907,0.0,12.750689608977906,831.8095185076809,132.1793484077348,963.9888669154161,1.15
121,7580.0,S3 Improvement,782.8842183319612,81.38615208512448,0.0,61.421576087219925,1.5462308021324134,67.37623467983104,0.0,19.93371437384786,784.4304491340936,230.11767722602332,1014.5481263601168,2.25
122,3280.0,S3 Improvement,840.2703704170854,34.95949776154946,26.462078325670518,27.294120914347015,41.628344567616296,29.434301996851577,0.0,12.707636493173032,908.3607933103722,104.39555716592108,1012.7563504762938,0.9
123,9210.0,S3 Improvement,851.2298681786351,98.20005597762263,0.0,82.21625161054878,0.0,73.86610091129438,0.0,24.623097230462374,851.2298681786351,278.90550572992817,1130.1353739085635,3.1
124,5310.0,S3 Improvement,925.4299241562576,55.24194918667459,26.974302423874178,48.568582895994076,25.29751801530074,48.17905473251738,0.0,15.768539680348571,977.7017445954325,167.7581264955346,1145.4598710909677,1.6
125,2710.0,S3 Improvement,956.6718733429325,27.849059486876705,47.693825832991934,23.21120258155125,50.26537016626662,23.501233658147875,0.0,11.654749941410856,1054.631069342191,86.21624566798668,1140.8473150101772,0.8
126,8110.0,S3 Improvement,120.52093282980877,89.29278621739834,0.0,62.83756930356735,0.0,71.40283683209128,0.0,20.105410262695003,120.52093282980877,243.63860261575195,364.15953544556123,2.5
127,4510.0,S3 Improvement,185.8137190472071,44.728478550535,18.109090753032433,41.491074995531854,29.91176183655989,41.11814997309422,0.0,13.776386180323403,233.8345716367994,141.11408969948448,374.9486613362842,1.25
128,6310.0,S3 Improvement,206.54219759774242,64.27263415560226,0.0,54.3654008586371,11.992042543978641,56.33248114929551,0.0,19.592309693078413,218.53424014172106,194.5628258566133,413.097065998335,1.85
129,3710.0,S3 Improvement,246.81483175334506,38.6352112204422,15.730189638195043,30.84122607834768,37.483297614926414,31.721771367394407,0.0,14.340375534241543,300.0283190064665,115.53858420042583,415.5669032068927,1.05
130,8610.0,S3 Improvement,261.4500429737873,94.83140591030669,0.0,80.11505613376322,0.0,73.03530946892577,0.0,23.958364256865586,261.4500429737873,271.9401357698613,533.3901787436489,2.75
131,5010.0,S3 Improvement,332.28144888409406,49.978203587166405,30.136852546596856,43.62018475317114,29.415124715754246,42.29728116082396,0.0,15.33466118361822,391.83342614644516,151.23033068477972,543.0637568312259,1.45
132,2310.0,S3 Improvement,358.2596524712608,24.52948232303347,49.22755497673461,21.938299365842028,49.7741065107366,20.461397467028213,0.0,9.930866065686555,457.261313958732,76.86004522159027,534.1213591803216,0.7
133,7710.0,S3 Improvement,358.7891347942941,81.37867846652263,0.0,68.12479709345216,0.0,74.55617989376599,0.0,19.17092972900194,358.7891347942941,243.23058518274274,602.0197199770364,2.3
134,4110.0,S3 Improvement,416.16781326081673,41.075269061699764,27.049528031751834,36.479501993442334,38.076677900323375,36.982233357603825,0.0,14.180795608100865,481.29401919289194,128.71780002084677,610.0118192137397,1.15
135,9410.0,S3 Improvement,433.2430823225168,101.81561131639369,0.0,86.60036192809768,0.0,85.69095448355584,0.0,27.548142515466623,433.2430823225168,301.6550702435138,734.8981525660311,3.25
136,2910.0,S3 Improvement,511.0586936389109,32.43928201230055,54.16107991579702,27.355474591186844,58.33547989236922,25.780180182705664,1.7679623327612717,10.759044387966977,625.3232157798384,96.33398117416004,721.6571969539982,0.85
137,6510.0,S3 Improvement,519.4979756512112,61.93892985429928,19.57762465268479,56.63215968888803,27.48350038618628,62.29496104777503,0.0,17.788861738390274,566.5591006900822,198.6549123293526,765.2140130194348,1.95
138,4810.0,S3 Improvement,557.4369055055104,53.59244690111657,22.61733744045614,41.64951358633622,48.12894784762466,43.39407975265441,0.0,14.943381231474246,628.1831907935912,153.57942147158144,781.7626122651727,1.35
139,8310.0,S3 Improvement,587.0293524066274,88.47435468309739,0.0,69.06155489460775,0.0,73.60793418534469,0.0,21.30792781923126,587.0293524066274,252.45177158228105,839.4811239889095,2.65
140,2210.0,S3 Improvement,651.5037070897251,22.560461895683375,46.50109299892392,18.735124756409615,54.87280942893631,20.984307910772554,0.3236199084585678,10.324924160640501,753.2012294260439,72.60481872350606,825.8060481495504,0.65
141,7060.0,S3 Improvement,650.0641689854092,66.4431011036426,0.0,57.76087992553437,16.88935406586461,65.14259258381956,0.0,17.55227823966434,666.9535230512738,206.89885185266087,873.8523749039341,2.05
142,3410.0,S3 Improvement,692.5072700890523,35.680444494465355,22.080435431069418,31.706305161527094,50.32564148815618,30.528061784393522,0.0,12.348571636509725,764.9133470082779,110.26338307689568,875.1767300851734,0.95
143,9110.0,S3 Improvement,704.1877145835169,88.02151501725615,0.0,80.71079281105358,0.0,80.90159018683914,0.0,23.987324560951112,704.1877145835169,273.62122257609997,977.8089371596143,3.05
144,5210.0,S3 Improvement,768.2092296007722,49.56376532409417,31.147027486958905,46.814477221804694,34.087112965034976,50.674739792041365,0.0,17.03828489537945,833.4433700527661,164.0912672333197,997.534637286084,1.6
145,2610.0,S3 Improvement,793.772994924866,27.393072165101596,50.5684325436614,24.710281341521213,60.05157141555537,21.879292497337765,0.0,11.077357244827674,904.3929988840828,85.06000324878826,989.4530021328701,0.8
146,8010.0,S3 Improvement,797.1660670899673,82.42985832099865,0.0,67.10600721248319,7.673712264593632,68.02120482106838,0.0,20.905865154081557,804.839779354561,238.4629355086318,1043.3027148631936,2.5
147,4410.0,S3 Improvement,855.5959254109657,44.7274695597804,22.378537652703017,41.765075763398535,33.92984132226411,39.68716434533788,0.0,14.376466139559446,911.9043043859328,140.55617580807626,1052.4604801940095,1.2
148,6210.0,S3 Improvement,876.3233949707464,65.30324432486832,0.0,51.54755791186254,20.909816846971808,54.338375350181515,0.0,15.934179787223067,897.2332118177183,187.12335737413542,1084.3565691918557,1.8
149,3610.0,S3 Improvement,917.626639295615,34.85580924442109,16.69174866744106,28.17670036089287,47.071491836260975,30.31027944879394,0.0,12.166555770976563,981.389879799317,105.50934482508445,1086.8992246244015,1.05
150,8510.0,S3 Improvement,928.4824485400368,89.5498667302273,0.0,75.22543224090826,0.0,85.22251696241872,0.0,23.017164707426346,928.4824485400368,273.01498064098064,1201.4974291810158,2.75
151,4910.0,S3 Improvement,0.0,49.92116471160554,0.0,40.923730887388906,0.0,44.77572795061228,0.0,15.328420473300028,0.0,150.94904402290672,150.94904402290922,1.4
152,2340.0,S3 Improvement,25.921164711606252,24.460975804233904,16.46275508315557,20.94316649070973,23.832561459903445,20.72602530864444,0.0,9.493701263782206,66.21648125466527,75.62386886737028,141.84035012203458,0.7
153,8780.0,S3 Improvement,26.382140515839637,88.11075472556396,0.0,77.856112063707,0.0,72.29753346630785,0.0,22.89538059940003,26.382140515839637,261.15978085497886,287.5419213708192,2.85
154,6010.0,S3 Improvement,90.49289524140295,61.074427175051035,16.781684888655946,57.18540625568828,15.112127210619292,50.613894492469825,0.0,16.737180554067805,122.38670734067819,185.61090847727695,307.9976158179561,1.7
155,4210.0,S3 Improvement,127.56732241645477,42.53595692228519,31.431134222058972,38.246499804607886,27.479521898481835,37.204760026278,0.0,12.563179604444281,186.47797853699558,130.55039635761537,317.02837489460944,1.15
156,7510.0,S3 Improvement,146.10327933874032,82.82061298229083,0.0,67.3452173296866,0.0,63.70862174661685,0.0,18.642312524622014,146.10327933874032,232.5167645832163,378.6200439219556,2.2
157,3210.0,S3 Improvement,204.9238923210305,34.79506828972597,32.55014903996016,24.778522646359754,38.930099100256484,28.169237983145678,0.0,12.480061300258466,276.40414046124715,100.22289021948987,376.62703068073824,0.9
158,9140.0,S3 Improvement,215.71896061075677,103.15286987142848,0.0,78.73145728231647,0.0,81.99771792565558,0.0,21.355230628200864,215.71896061075677,285.2372757076014,500.9562363183577,3.05
159,5240.0,S3 Improvement,294.87183048218503,58.751716726042275,19.9797405562731,45.25981898897172,36.73789893668254,50.42889082439327,0.0,16.72531314226023,351.5894699751407,171.1657396816675,522.7552096568088,1.6
160,2640.0,S3 Improvement,329.62354720822805,28.071814501208852,37.167745044036565,22.56087212668367,64.60591763439152,24.4295869882652,0.0,11.1440493991222,431.3972098866561,86.20632301527992,517.603532901936,0.8
161,8040.0,S3 Improvement,333.69536170943684,84.78265974206407,0.0,73.80353504961926,0.0,75.82135289779761,0.0,19.518177663977333,333.69536170943684,253.9257253534583,587.6210870628947,2.5
162,4440.0,S3 Improvement,394.47802145150126,48.08338109796696,25.72015395165181,37.063311439299696,38.758041458497246,38.49464677631326,0.0,13.700296523387422,458.9562168616503,137.34163583696733,596.297852698619,1.2
163,6240.0,S3 Improvement,418.56140254946877,62.84259494195148,0.0,58.466275759082585,18.72728292472857,51.25560426047787,0.0,18.166497421311266,437.28868547419734,190.7309723828232,628.0196578570194,1.8
164,3640.0,S3 Improvement,457.40399749141943,40.80143461559526,17.664841143487138,31.44406997876748,38.53881720643767,35.752429979639665,0.0,11.87375877982496,513.6076558413442,119.87169335382737,633.4793491951732,1.05
165,8540.0,S3 Improvement,474.20543210701544,89.60637490724399,0.0,78.56764888840448,0.0,77.07911003970476,0.0,21.91448306579548,474.20543210701544,267.1676169011487,741.3730490081634,2.75
166,4940.0,S3 Improvement,539.8118070142591,51.29896297459216,27.268685913812078,43.47182321783812,33.60728682186709,44.61831126979862,0.0,14.662446496621333,600.6877797499383,154.05154395885023,754.7393237087872,1.4
167,2370.0,S3 Improvement,567.1107699888507,23.08019168116118,47.66031745048895,19.57545287702604,58.65014521463854,19.50237701278762,0.0,9.640244868666812,673.4212326539782,71.79826643964165,745.2194990936223,0.7
168,8810.0,S3 Improvement,566.1909616700123,98.81070977289448,0.0,79.34963639420923,0.0,81.70316417314943,0.0,24.576408082086374,566.1909616700123,284.4399184223395,850.6308800923525,2.85
169,6040.0,S3 Improvement,641.0016714429075,61.59146170356158,17.758174690647138,54.118100444668656,27.585063728482055,55.02393125564763,0.0,16.830326078206994,686.3449098620367,187.56381948208485,873.9087293441207,1.75
170,4240.0,S3 Improvement,678.593133146469,43.53951304582724,28.33676208948782,39.3580947395944,43.25090024453493,37.06662631851986,0.0,12.881078620968378,750.1807954804917,132.84531272490986,883.0261082054021,1.15
171,7540.0,S3 Improvement,698.1326461922963,83.41448716661326,0.0,66.39751068833951,0.0,69.15585655183409,0.0,19.55755426698817,698.1326461922963,238.52540867377505,936.6580548660713,2.25
172,3240.0,S3 Improvement,757.5471333589103,34.23266300986912,32.16484767847032,27.229969277489012,41.92588727434486,30.669958731276342,0.0,12.473111996619783,831.6378683117255,104.60570301525425,936.2435713269788,0.9
173,9170.0,S3 Improvement,767.779796368779,96.9237822794954,0.0,81.9335142225635,0.0,81.8954592294657,0.0,26.09210625452442,767.779796368779,286.844861986049,1054.6246583548254,3.1
174,5270.0,S3 Improvement,840.7035786482738,55.58863384209397,26.344880380469476,44.65885876495332,37.23660046451187,44.930911695554414,0.0,15.994270230114067,904.2850594932552,161.17267453271577,1065.4577340259693,1.6
175,2670.0,S3 Improvement,872.2922124903671,30.17640586640297,40.82733327901951,24.73901687836966,57.42849528169609,26.241683945064267,0.0,11.56334386269881,970.5480410510827,92.72045055253571,1063.2684916036178,0.8
176,8070.0,S3 Improvement,38.468618356770094,80.76083977219484,0.0,70.10007614726818,0.0,64.19119084885772,0.0,19.30734240111472,38.468618356770094,234.35944916943546,272.8280675262049,2.5
177,4470.0,S3 Improvement,95.22945812896432,44.294373222007145,25.805702925261357,35.00369465847006,29.18749619038863,37.364011032358654,0.0,14.266426905429407,150.2226572446143,130.92850581826525,281.1511630628793,1.2
178,6270.0,S3 Improvement,115.5238313509708,69.56988714112117,0.0,53.9140278300893,3.8769898352693417,54.00806022416282,0.0,17.66540756123903,119.40082118624014,195.15738275661232,314.55820394285183,1.8
179,3670.0,S3 Improvement,161.09371849209128,35.34355998971852,18.57046784037084,34.04632741649533,23.838722642936773,30.979186373117347,0.0,13.214344539862152,203.5029089753989,113.58341831919336,317.0863272945917,1.05
180,8570.0,S3 Improvement,172.4372784818097,97.26431758450848,0.0,79.67401722360675,0.0,78.11392045591332,0.0,21.884335692492744,172.4372784818097,276.9365909565213,449.3738694383301,2.75
181,4970.0,S3 Improvement,245.7015960663175,54.858865303995884,24.8151519196108,42.17836689499929,35.93555356091383,40.442790859548246,0.0,14.42452833167414,306.45230154684214,151.90455139021756,458.35685293705865,1.4
182,2400.0,S3 Improvement,276.5604613703126,24.52813151600245,42.46538729860731,19.979556229830777,56.39878819063051,22.100321428649554,0.0,10.226851227478909,375.42463685955045,76.83486040196168,452.2594972615134,0.7
183,8840.0,S3 Improvement,277.0885928863154,95.469073178907,0.0,76.68907150160993,0.0,75.31439629492058,0.0,22.604013723373075,277.0885928863154,270.0765546988106,547.1651475851249,2.85
184,6070.0,S3 Improvement,348.5576660652223,61.5567525184796,15.132318983130972,54.89676812033977,20.417628174580386,54.69429320062486,0.0,17.154726148761593,384.10761322293365,188.30253998820584,572.4101532111381,1.75
185,4270.0,S3 Improvement,386.114418583702,45.54871231000623,24.480374793463852,37.510446300109514,37.60147507509464,36.79147482325847,0.0,12.652815899537162,448.1962684522605,132.50344933291137,580.6997177851717,1.15
186,7570.0,S3 Improvement,407.6631308937085,82.80138656112764,0.0,61.04779602864226,0.0,76.48233677377871,0.0,21.83458095635249,407.6631308937085,242.1661003199011,649.8292312136109,2.25
187,3270.0,S3 Improvement,466.4645174548368,33.53585166223554,27.51194436640617,27.22434429917307,49.257992474606,28.124415604972537,0.0,11.635939887891336,543.234454295849,100.52055145427248,643.755005750123,0.9
188,9200.0,S3 Improvement,476.0003691170732,95.02038085491459,0.0,86.12318540681228,0.0,81.38147032768475,0.0,24.12993313542675,476.0003691170732,286.6549697248384,762.6553388419106,3.1
189,5300.0,S3 Improvement,547.0207499719872,59.50833875504868,26.61484665176249,48.45484622470486,32.92662410297817,47.61923629475801,0.0,14.731859062657128,606.5622207267279,170.31428033716867,776.8765010638981,1.6
190,2700.0,S3 Improvement,582.5290887270367,26.982297403951968,48.08739547251571,21.001537374495612,59.544323023241304,24.339043550216196,0.0,11.289343880960393,690.1608072227937,83.61222220962416,773.7730294324192,0.8
191,8100.0,S3 Improvement,585.5113861309892,81.52995949155168,0.0,71.78713521983698,0.0,67.2992301453138,0.0,20.677583548930922,585.5113861309892,241.2939084056334,826.8052945366235,2.5
192,4500.0,S3 Improvement,643.0413456225415,48.85640319902959,22.930732020806317,36.35057605769869,30.94865408761507,42.72469401791071,0.0,14.462390479027919,696.9207317309629,142.39406375366693,839.3147954846299,1.25
193,6300.0,S3 Improvement,667.8977488215714,68.48639370368932,0.0,58.460177582202725,6.008084898137895,54.32653126731984,0.0,16.682459420770797,673.9058337197093,197.9555619739827,871.8613956936915,1.85
194,3700.0,S3 Improvement,712.3841425252613,37.46253631440294,20.997641267800645,32.66969377805617,27.66492238740102,34.66533899612974,0.0,12.723558715190103,761.0467061804629,117.52112780377897,878.5678339842416,1.05
195,8600.0,S3 Improvement,725.8466788396636,85.51849466061685,0.0,76.63601278024981,0.0,78.77605544353115,0.0,22.474556761299446,725.8466788396636,263.40511964569725,989.2517984853603,2.75
196,5000.0,S3 Improvement,787.3651735002804,56.92825103959134,19.70776174065759,42.13526563777012,36.640789805762324,42.45285043563262,0.0,15.291090543955974,843.7137250467003,156.80745765695008,1000.521182703651,1.45
197,2300.0,S3 Improvement,820.2934245398719,23.865350207391685,37.977677171034884,18.165869472838672,60.927770768556,19.732311679322805,0.0,9.348266057758117,919.1988724794628,71.11179741731128,990.3106698967749,0.7
198,7700.0,S3 Improvement,820.158774747264,79.50006945558661,0.0,68.25768857692599,0.0,70.90073695408931,0.0,20.930376498791254,820.158774747264,239.58887148539316,1059.7476462326576,2.3
199,4100.0,S3 Improvement,875.6588442028515,42.48677490498275,25.770913671944072,34.3134401046595,36.58729684942955,36.150715495394444,0.0,13.379684548214314,938.0170547242251,126.33061505325101,1064.347669777475,1.15
200,9400.0,S3 Improvement,894.1456191078341,97.56612801160682,0.0,91.34183818605223,0.0,84.84298048450233,0.0,24.383457390657064,894.1456191078341,298.1344040728184,1192.2800231806523,3.25
201,2900.0,S3 Improvement,127.7117471194415,30.15152357188659,61.19031461416489,27.46119566995266,57.381784814549974,25.39080219835699,0.0,10.3811913021273,246.28384654815636,93.38471274232354,339.6685592904796,0.85
202,6500.0,S3 Improvement,133.86327069132858,62.78446249644779,25.867047787669435,53.588722440825094,29.183864572081802,55.84480027077408,0.0,16.050569607034234,188.91418305107982,188.2685548150812,377.1827378661601,1.95
203,4800.0,S3 Improvement,172.64773318777588,50.229748464721645,29.226021763772223,47.10193600437117,37.92672883848354,42.162233158554585,0.0,15.414865946379097,239.80048379003165,154.9087835740265,394.70926736406,1.35
204,8300.0,S3 Improvement,198.87748165249832,80.26118482166058,0.0,71.11941065904803,5.036324284474176,71.03044539574891,0.0,22.355021419186667,203.9138059369725,244.76606229564422,448.6798682326171,2.65
205,2200.0,S3 Improvement,255.13866647415853,24.743388141648623,46.37602251739918,19.153728690271386,56.913040989951696,19.082472665111027,3.272548754075615,10.730719481379136,361.700278735585,73.71030897841017,435.4105877139955,0.65
206,7050.0,S3 Improvement,255.88205461580765,72.83522669859221,0.0,60.85195772631367,7.8380804378266475,61.870628846339514,0.0,19.42982578895907,263.7201350536343,214.98763906020446,478.70777411384006,2.05
207,3400.0,S3 Improvement,304.7172813144007,34.22143729514017,26.630520431173863,29.69292615306433,40.01578313110258,29.85869205838354,0.0,12.299686237315477,371.3635848766771,106.07274174390352,477.4363266205801,0.95
208,9100.0,S3 Improvement,314.93871860954096,89.30443656881266,0.0,82.1967539769318,0.0,83.44825221888618,0.0,21.206337385414955,314.93871860954096,276.1557801500456,591.0944987595867,3.05
209,5200.0,S3 Improvement,380.24315517835385,53.831732701525645,28.365021275407344,49.1767075054429,34.27154471344329,46.512994598635146,0.0,15.861456400671171,442.8797211672045,165.38289120627485,608.262612373479,1.6
210,2600.0,S3 Improvement,410.0748878798786,27.380909687070336,50.16081909378045,23.315311228005612,57.46922808407362,23.97372573008119,0.0,10.783965994476931,517.7049350577327,85.45391263963407,603.1588476973648,0.8
211,8000.0,S3 Improvement,413.4557975669486,83.61361083003557,0.0,68.92958104761505,2.375892258289241,77.44761527331596,0.0,20.281860744013336,415.83168982523785,250.2726678949799,666.1043577202181,2.5
212,4400.0,S3 Improvement,473.0694083969847,44.43509135822113,24.49448968939396,39.10171945566212,40.72178807594355,39.865639455946656,0.0,13.873455215778716,538.2856861623222,137.2759054856086,675.561591647931,1.2
213,6200.0,S3 Improvement,493.50449975520496,63.109807968982416,0.4864011760746507,58.56637857015084,22.021048961740235,57.72008126397452,0.0,17.625839713548356,516.0119498930198,197.02210751665612,713.0340574096754,1.8
214,3600.0,S3 Improvement,532.6143077241868,36.50213074748814,22.550648998736506,32.369896318921924,47.37123390679335,33.10144497989045,0.0,12.063430014687007,602.5361906297167,114.03690206098753,716.5730926907054,1.05
215,8500.0,S3 Improvement,545.1164384716758,84.10766934082346,0.0,78.80108444803298,0.0,81.88601358205072,0.0,20.195401620962723,545.1164384716758,264.9901689918699,810.1066074635437,2.75
216,4900.0,S3 Improvement,605.2241078124989,51.435243740506394,27.36584070752542,42.54781791419585,39.33819566785496,43.45230372849759,0.0,16.317573763921057,671.9281441878793,153.75293914712088,825.681083335001,1.4
217,2330.0,S3 Improvement,632.6593515530058,24.849813819143392,45.06384480257839,18.67149426093532,64.11900513541696,21.436100736398995,0.0,10.062474240516302,741.8422014910011,75.01988305699402,816.8620845479945,0.7
218,8770.0,S3 Improvement,633.5091653721483,86.80516875841641,0.0,78.93406028806677,0.0,83.83727409758644,0.0,24.02031455800465,633.5091653721483,273.5968177020743,907.1059830742233,2.85
219,6000.0,S3 Improvement,696.314334130564,65.70818029614583,13.225879991921829,56.9288015718587,26.90847252572712,49.684716939101854,0.0,16.73547945188741,736.448686648213,189.0571782589938,925.5058649072071,1.7
220,4200.0,S3 Improvement,738.0225144267097,42.81547852553542,27.339203038245614,33.626258918442964,42.96693054638672,40.905091533586955,0.0,11.079906382520516,808.328648011342,128.42673536008584,936.7553833714264,1.15
221,7500.0,S3 Improvement,756.8379929522453,79.26589990622458,0.0,64.76429746245283,0.807286667984954,70.52754187517148,0.0,18.379947051556822,757.6452796202302,232.93768629540574,990.5829659156352,2.2
222,3200.0,S3 Improvement,812.1038928584694,31.918164119553303,32.84613334289861,28.449943423104912,42.88488512005097,27.86486117591143,0.0,11.376997200946459,887.834911321419,99.60996591951611,987.444877240936,0.9
223,9130.0,S3 Improvement,820.0220569780231,98.76816512807999,0.0,81.56205325536483,0.0,79.17647372087448,0.0,25.22402787808556,820.0220569780231,284.7307199824049,1104.7527769604276,3.05
224,5230.0,S3 Improvement,894.7902221061031,60.25898096013955,21.30307229522441,42.53443390719192,36.64203981368155,47.09252793309939,0.0,16.091059346782515,952.7353342150091,165.9770021472134,1118.7123363622231,1.6
225,2630.0,S3 Improvement,931.0492030662426,26.499367460275717,37.33813874214138,24.064876546777324,59.66969120000249,22.579598180017605,0.0,11.069549388030856,1028.0570330083865,84.2133915751015,1112.2704245834884,0.8
226,8030.0,S3 Improvement,93.54857052651823,81.65983635690701,0.0,67.83282788898036,0.0,75.54822582451477,0.0,20.50838621500988,93.54857052651823,245.54927628541205,339.09784681193014,2.5
227,4430.0,S3 Improvement,151.2084068834247,45.885064013624294,21.94776387535603,39.3165339526935,36.23169187182248,38.98229112993455,0.0,14.91869458856901,209.3878626306032,139.10258368482135,348.49044631542347,1.2
228,6230.0,S3 Improvement,173.09347089704897,64.6746695479456,0.0,57.672635573704234,14.130975708156257,61.26279463378153,0.0,17.17653935716522,187.22444660520523,200.7866391125966,388.0110857178024,1.8
229,3630.0,S3 Improvement,213.76814044499406,37.88619747973411,19.78643809396999,32.5548017401962,42.838968601741726,33.41086051469005,0.0,13.242415345339039,276.3935471407058,117.09427507995939,393.4878222206662,1.05
230,8530.0,S3 Improvement,227.65433792472868,86.47964778278627,0.0,77.71842868659796,0.0,75.17542425924073,0.0,22.465296624226724,227.65433792472868,261.83879735285166,489.49313527758204,2.75
231,4930.0,S3 Improvement,290.1339857075145,47.24748104722472,30.470947639372753,41.80512094226567,33.37030331697497,44.424289101656484,0.0,16.52435419137297,353.97523666386223,150.00124528251982,503.9764819463817,1.4
232,2360.0,S3 Improvement,313.38146675473945,23.633059623573047,48.643008958066275,22.061476225988947,55.73311619264132,21.227221037392795,0.0,9.913913287143558,417.75759190544704,76.83567017409835,494.5932620795429,0.7
233,8800.0,S3 Improvement,313.01452637831244,89.45825014854915,0.0,86.67300248413034,0.0,81.98824890526373,0.0,22.34244298300926,313.01452637831244,280.4619445209525,593.4764708992661,2.85
234,6030.0,S3 Improvement,378.4727765268617,65.22415287217633,21.448849611955666,53.063811793366874,28.924437111898442,56.17675664769637,0.0,16.925391051182505,428.8460632507158,191.3901123644221,620.2361756151367,1.75
235,4230.0,S3 Improvement,419.6969293990369,44.43289834924882,30.079763056073716,39.68099342866442,45.42020033092922,37.510947435526155,0.0,13.149761800734066,495.1968927860398,134.77460101417347,629.9714938002144,1.15
236,7530.0,S3 Improvement,440.1298277482856,83.17008715215329,0.0,65.91561356990627,3.60620352913611,69.05991504932257,0.0,20.305216049751888,443.7360312774217,238.45083182113402,682.1868630985555,2.25
237,3230.0,S3 Improvement,499.29991490043903,33.84425145880945,32.07136211109537,26.267275449327126,46.39884312912909,29.21673395296402,0.0,11.815571371439189,577.7701201406635,101.1438322325398,678.9139523732047,0.9
238,9160.0,S3 Improvement,509.14416635924863,90.09464123604211,0.0,84.05568122068829,0.0,83.07582381023843,0.0,23.55685747599543,509.14416635924863,280.7830037429643,789.9271701022153,3.1
239,5260.0,S3 Improvement,575.2388075952913,58.703979472177686,25.351701748510095,46.4845621045653,36.5912617056747,45.5921150595978,0.0,15.897334184608878,637.1817710494761,166.67799082094965,803.8597618704262,1.6
240,2660.0,S3 Improvement,609.9427870674699,28.44618244744847,43.3900814056251,21.82966893313363,60.35370783213875,23.936240694823383,0.0,12.896965373081866,713.6865763052338,87.10905744848735,800.7956337537216,0.8
241,8060.0,S3 Improvement,614.3889695149192,82.00159485392273,0.0,72.83091336253243,0.0,72.30688717442114,0.0,20.182001193772347,614.3889695149192,247.32139658464865,861.7103660995672,2.5
242,4460.0,S3 Improvement,672.3905643688413,46.21355433291308,26.617359029620275,39.24653286896417,33.06035430545671,38.67854745879162,0.0,14.933927107410861,732.0682777039183,139.0725617680797,871.1408394719983,1.2
243,6260.0,S3 Improvement,694.6041187017545,65.86510365724307,0.0,58.844816799922945,12.892873205666547,59.25991866588737,0.0,17.185399771129735,707.496991907421,201.15523889418313,908.6522308016065,1.8
244,3660.0,S3 Improvement,736.4692223589991,40.88644778405504,17.95836901586881,31.801335884572957,40.35145598698,31.502937161349223,0.0,13.819938945831757,794.7790473618479,118.01065977580897,912.7897071376574,1.05
245,8560.0,S3 Improvement,753.3556701430534,90.98838670527003,0.0,71.31037417306328,0.0,77.13879446212236,0.0,20.503776246811118,753.3556701430534,259.9413315872668,1013.2970017303232,2.75
246,4960.0,S3 Improvement,820.3440568483238,54.010716243304444,17.299657929757814,44.96804464637426,32.17074981574842,46.618978663203244,0.0,14.512803467195498,869.81446459383,160.11054302007747,1029.925007613907,1.4
247,2390.0,S3 Improvement,850.3547730916289,24.664547736042742,37.6031548400897,21.44066188671064,57.34906659223998,20.534071366035818,0.0,9.886729731990329,945.3069945239586,76.52601072077952,1021.8330052447418,0.7
248,8830.0,S3 Improvement,851.0193208276723,90.58708488090876,0.0,81.08650015779004,0.0,78.52429831802282,0.0,23.6541125843344,851.0193208276723,273.851995941056,1124.871316768731,2.85
249,6060.0,S3 Improvement,917.6064057085823,62.37403160990587,18.712468547884782,57.19391273369964,21.330385584322357,52.83807752896833,0.0,16.71224000118426,957.6492598407895,189.1182618737581,1146.767521714548,1.75
250,4260.0,S3 Improvement,955.9804373184888,38.79417340014407,37.112207881440554,38.97930388009002,35.1891592332031,38.07799388127774,0.0,12.663747195453245,1028.2818044331325,128.51521835696508,1156.797022790095,1.15
251,7560.0,S3 Improvement,130.77461071863218,83.31890154608723,0.0,68.28269406173618,0.0,67.61381325270679,0.0,19.59848861324406,130.77461071863218,238.81389747377426,369.5885081924098,2.25
252,3260.0,S3 Improvement,190.09351226472063,33.96223732081266,34.3204567409266,28.215567972650266,39.3982452800592,29.54666922733215,0.0,11.135148753650597,263.81221428570643,102.85962327444567,366.6718375601522,0.9
253,9190.0,S3 Improvement,200.05574958553188,89.30830669634136,0.0,80.61941765064476,0.0,81.31313838868424,0.0,23.20314096941485,200.05574958553188,274.4440037050852,474.4997532906127,3.1
254,5290.0,S3 Improvement,265.36405628187276,54.95469544009504,25.66472221054937,48.47539412548433,32.83774426319724,47.02043644449207,0.0,16.229139768665068,323.86652275561937,166.6796657787365,490.54618853435386,1.6
255,2690.0,S3 Improvement,296.3187517219667,26.935365575491396,47.20475076054208,23.856501054815094,56.001679652872554,25.384125986412656,0.0,11.03772239424432,399.5251821353813,87.21371501096345,486.7388971463479,0.8
256,8090.0,S3 Improvement,299.25411729745974,90.05320036668866,0.0,74.41252056060225,0.0,75.5312500324365,0.0,21.49542881232269,299.25411729745974,261.4923997720501,560.7465170695104,2.5
257,4490.0,S3 Improvement,365.3073176641483,48.46976672757076,25.94275383303102,42.81323664691068,32.71801338552541,39.11873245809714,0.0,14.393044787108566,423.9680848827047,144.79478061968717,568.7628655023946,1.25
258,6290.0,S3 Improvement,389.77708439172056,65.75576889396629,3.0002215859749413,57.71509881078218,14.121647032839974,53.40114876643643,0.0,18.26806604142971,406.8989530105355,195.1400825126146,602.0390355231502,1.85
259,3690.0,S3 Improvement,431.53285328568745,40.124473724340966,20.590846672417683,29.106127591312607,38.416668207963085,34.05561527181492,0.0,12.128743586621678,490.5403681660682,115.41496017409017,605.9553283401583,1.05
260,8590.0,S3 Improvement,447.6573270100271,87.99563420325785,0.0,78.98837065183308,0.0,73.3472735647684,0.0,21.661394478655748,447.6573270100271,261.992672898515,709.6499999085427,2.75
261,4990.0,S3 Improvement,511.65296121328356,50.7734491276736,28.214921524158854,46.563581522727176,26.783692042041366,47.992143311311025,0.0,13.550448461118421,566.6515747794838,158.8796224228302,725.5311972023192,1.45
262,2420.0,S3 Improvement,538.4264103409587,24.262597012599066,50.51590603428849,19.357394345515203,55.41844100783783,22.17318447736829,0.0,10.93892175569897,644.360757383085,76.73209759118153,721.0928549742675,0.7
263,8860.0,S3 Improvement,538.6890073535578,81.31159130530332,0.0,68.25719031143716,0.0,62.89260496176361,0.0,20.45496369428244,538.6890073535578,232.9163502727865,771.6053576263439,2.3
264,6090.0,S3 Improvement,596.0005986588621,42.16502685867464,26.09216345276218,35.99812702931554,26.894477932448353,33.87460893481181,0.0,13.265409133188568,648.9872400440727,125.30317195599056,774.290412000064,1.15
265,4290.0,S3 Improvement,614.1656255175367,106.69674962917462,0.0,86.61780118666614,0.0,82.73384113894893,0.0,25.53115126216842,614.1656255175367,301.5795432169581,915.7451687344983,3.25
266,7590.0,S3 Improvement,696.862375146713,29.465870637690553,57.15193054897463,26.215684435851955,56.51815670309952,27.184065297760892,0.0,11.550869324673458,810.5324623987872,94.41648969597686,904.9489520947645,0.85
267,3290.0,S3 Improvement,702.3282457844034,63.95597410737124,19.411640877453465,56.80863778893406,26.8935842119281,56.73003011685228,0.0,17.030529386719483,748.633470873785,194.52517139987705,943.1586422736618,1.95
268,9220.0,S3 Improvement,742.2842198917751,50.97068195886908,25.24959670751923,40.727242406332444,42.896371922444814,43.106674961341525,0.0,14.816190711868982,810.4301885217392,149.62079003841203,960.0509785601535,1.35
269,5320.0,S3 Improvement,769.2549018506434,82.12614035700629,0.0,77.63975071557012,0.0,74.00574698034546,0.0,20.639518219517285,769.2549018506434,254.41115627243914,1023.6660581230826,2.65
270,2720.0,S3 Improvement,827.3810422076494,22.592056730080273,55.04769398548888,18.903800666340302,55.101946314007364,21.170903651249386,0.0,10.24663670392161,937.5306825071457,72.91339775159157,1010.4440802587415,0.65
271,8120.0,S3 Improvement,825.9730989377313,74.62168474726616,0.0,64.52479790725495,11.077861962563475,66.15962563989689,0.0,18.715178598203714,837.0509609002947,224.0212868926217,1061.0722477929157,2.05
272,4520.0,S3 Improvement,876.5947836849991,34.22737708773503,30.297420819519175,31.953917311550956,45.28357029090694,29.444060667851808,0.0,12.107479107179135,952.1757747954252,107.73283417431693,1059.9086089697448,0.95
273,6320.0,S3 Improvement,886.8221607727355,90.64202777851837,0.0,85.9546422171668,0.0,77.83901017119841,0.0,21.50484861317319,886.8221607727355,275.94052878005675,1162.7626895527937,3.05
274,3720.0,S3 Improvement,953.4641885512538,60.61937863682269,25.335263580342144,44.1253437744547,33.713666396743065,45.78820248861128,0.0,17.2449061113086,1012.513118528339,167.7778310111973,1180.2909495395397,1.6
275,8620.0,S3 Improvement,990.0835671880777,27.928577395975378,41.53202995882384,23.295842559601656,56.206026325755374,24.474667773168985,0.0,11.488521236900604,1087.821623472657,87.18760896564663,1175.0092324383004,0.8
276,5020.0,S3 Improvement,0.0,84.82656956541149,0.0,71.95130077195942,0.0,64.88361637085654,0.0,19.86130694052604,0.0,241.52279364875352,241.52279364874994,2.5
277,2320.0,S3 Improvement,60.82656956541177,43.47139598669631,28.47990478526117,39.41837835189774,25.46523801895819,37.95232773301144,0.0,14.042209878455594,114.77171236963113,134.8843119500611,249.6560243196909,1.2
278,7720.0,S3 Improvement,80.29796555210851,63.86625092334587,4.032032213810453,52.25413843527607,11.163427316692832,58.419481359339876,0.0,18.060694102580165,95.4934250826118,192.60056482054196,288.0939899031546,1.8
279,4120.0,S3 Improvement,120.16421647545576,38.70725416971939,17.578916479367763,29.261344433098586,40.321564242931345,31.755406962976778,0.0,14.07830007551509,178.06469719775487,113.80230564130984,291.8670028390661,1.05
280,9420.0,S3 Improvement,134.87147064517558,87.45328681926726,0.0,73.95985282146303,0.0,78.6502632055899,0.0,21.430993612975147,134.87147064517558,261.49439645929533,396.36586710446863,2.75
281,2920.0,S3 Improvement,198.32475746444106,47.30157145691021,26.65828136455093,41.99580930048173,36.65445390510649,39.56911457318256,0.0,15.582268456425506,261.6374927340985,144.44876378700002,406.08625652110277,1.4
282,6520.0,S3 Improvement,221.62632892135298,23.840748523258135,44.81334214177696,19.6903575506148,56.5332109276751,20.665158312432247,0.0,9.967515768325258,322.97288199080504,74.16378015463044,397.1366621454363,0.7
283,4820.0,S3 Improvement,221.46707744460946,87.90086353136374,0.0,85.0154436472101,0.0,78.45955913782878,0.0,22.924822099767866,221.46707744460946,274.3006884161705,495.76776586077904,2.85
284,8320.0,S3 Improvement,285.3679409759716,57.06517158373152,27.950272063480952,51.28029904951161,27.17926008831637,49.57826012158667,0.0,15.559514673433236,340.4974731277689,173.48324542826305,513.9807185560312,1.7
285,2220.0,S3 Improvement,318.43311255970184,43.75567500069823,35.47489611229321,37.720156573452385,39.0373636364493,38.22685316025182,0.0,12.862546252273631,392.94537230844435,132.56523098667606,525.5106032951226,1.15
286,7070.0,S3 Improvement,338.18878756040067,74.761154900405,0.0,62.1048312973685,13.593283284677455,66.8040740272604,0.0,19.697364365798528,351.7820708450781,223.36742459083246,575.1494954359077,2.2
287,3420.0,S3 Improvement,388.94994246080387,27.46976642860772,34.63506486876213,28.458229836591997,51.93912747534341,29.892087226733754,0.0,11.64647002414429,475.5241348049094,97.46655351607777,572.9906883209878,0.9
288,9120.0,S3 Improvement,392.4197088894107,96.03700382095268,0.0,84.12724004942221,0.0,85.3397361442135,0.0,21.944263081256597,392.4197088894107,287.448243095845,679.8679519852558,3.05
289,5220.0,S3 Improvement,464.4567127103619,53.38403132976568,30.74320871965756,44.584165220519495,40.755570923694904,43.4678284437511,0.0,15.491216065802002,535.9554923537144,156.92724105983828,692.8827334135531,1.6
290,2620.0,S3 Improvement,493.8407440401279,26.7321597639703,48.595214176206355,23.785801273706756,60.437598093740235,25.69567098302018,0.0,10.448671875414089,602.8735563100745,86.66230389611133,689.5358602061824,0.8
291,8020.0,S3 Improvement,496.57290380409904,85.7615710407465,0.0,69.90950834382674,2.843205142096849,72.97554304168573,0.0,19.30495828888221,499.4161089461959,247.9515807151412,747.367689661336,2.5
292,4420.0,S3 Improvement,558.3344748448471,43.14137562770283,26.768132716122636,42.004856330598976,33.81389185318403,41.088980279551684,0.0,14.23765576058001,618.9164994141538,140.4728679984335,759.3893674125829,1.2
293,6220.0,S3 Improvement,577.4758504725505,64.01570937161623,4.757279675104655,61.60199922374769,13.300872908985184,54.57151084946146,0.0,17.763671268347526,595.5340030566404,197.9528907131729,793.4868937698157,1.8
294,3620.0,S3 Improvement,617.4915598441657,42.880243290528504,23.47903560832492,31.364878218124463,36.50750554032129,34.566283111767625,0.0,13.072086164245487,677.478100992812,121.8834907846661,799.3615917774769,1.05
295,8520.0,S3 Improvement,636.3718031346943,84.61417311159114,0.0,71.31402217219943,0.0,70.91027648558618,0.0,20.548702506444087,636.3718031346943,247.38717427582083,883.7589774105109,2.75
296,4920.0,S3 Improvement,696.9859762462838,48.39881603444022,22.915206137757195,43.096934472740315,27.81334201284335,46.49271546435053,0.0,16.351319602688747,747.7145243968844,154.33978557421983,902.0543099711067,1.4
297,2350.0,S3 Improvement,721.3847922807254,23.132520602574612,42.87962000792322,20.687630752860365,53.6184267243334,20.23108275815249,0.0,8.959028128898295,817.882839012982,73.01026224248577,890.8931012554713,0.7
298,8790.0,S3 Improvement,720.5173128833012,90.53659315057627,0.0,69.74571669286104,0.0,81.1744814924125,0.0,23.37275949646892,720.5173128833012,264.8295508323187,985.346863715622,2.85
299,6020.0,S3 Improvement,787.0539060338779,62.05224339735882,7.693473295501462,49.2131960704336,31.9612854219813,52.90785458040361,0.0,17.09469139325154,826.7086647513606,181.26798544144756,1007.9766501928098,1.75
300,4220.0,S3 Improvement,825.106149431238,45.045194649129996,11.861474716803059,39.349786984573235,45.51935301781123,38.46312798368851,0.0,13.105623953367454,882.4869771658523,135.9637335707592,1018.4507107366117,1.15
301,7520.0,S3 Improvement,6.15134408036829,81.85013557931123,0.0,69.10346458664526,0.0,64.85098001493536,0.0,21.47558446769525,6.15134408036829,237.2801646485871,243.43150872895785,2.25
302,3220.0,S3 Improvement,64.00147965968063,38.26106461049483,30.842399976150773,26.30067312430583,38.550306890629145,30.362474608921662,0.0,11.301926384247452,133.39418652646054,106.22613872796977,239.62032525443283,0.9
303,9150.0,S3 Improvement,78.26254427017557,103.95900369702966,0.0,74.42205720245528,0.0,82.40225760063736,0.0,24.0080355805687,78.26254427017557,284.79135408069095,363.05389835087044,3.1
304,5250.0,S3 Improvement,158.22154796720497,56.79383183129401,17.628225371161534,42.88669015545626,39.51556744518166,52.325924289917445,0.0,16.831292454467388,215.36534078354816,168.8377387311351,384.20307951468567,1.6
305,2650.0,S3 Improvement,191.01537979850036,29.19089452912248,31.324020997497428,21.639808229092814,70.20168350600579,23.171980823657893,0.0,11.1225923579016,292.5410843020036,85.12527593977478,377.66636024177933,0.8
306,8050.0,S3 Improvement,196.20627432762194,78.00382946892924,0.0,68.56709213936638,0.0,71.58055573632421,0.0,21.843292498246967,196.20627432762194,239.99476984286682,436.2010441704879,2.5
307,4450.0,S3 Improvement,250.21010379655127,50.75311653891524,17.81397560044934,40.791911246672214,30.788644489650324,41.12280445446892,0.0,14.410857389608132,298.81272388665093,147.07868962966452,445.8914135163177,1.2
308,6250.0,S3 Improvement,276.96322033546676,68.8547203827901,0.0,51.042360652622285,10.620254755827773,55.51293279983927,0.0,18.329678008087257,287.58347509129453,193.7396918433389,481.3231669346351,1.8
309,3650.0,S3 Improvement,321.8179407182579,40.83389365266489,10.208466999960365,36.52532405731084,29.607863498356892,33.32344884480617,0.0,13.245923985717415,361.63427121657514,123.9285905404993,485.5628617570728,1.05
310,8550.0,S3 Improvement,338.6518343709213,85.85308722472716,0.0,75.5561488133157,0.0,71.9825533621065,0.0,23.324637756138173,338.6518343709213,256.7164271562875,595.3682615272119,2.75
311,4950.0,S3 Improvement,400.50492159564965,51.2092586961465,24.346890117169096,44.14287869850646,27.839674663602636,42.168084671863454,0.0,13.978431121591177,452.6914863764214,151.49865318810757,604.1901395645291,1.4
312,2380.0,S3 Improvement,427.7141802917977,24.795005349158743,43.694763466515724,21.247981656299253,48.75977767916629,20.49477657058321,0.0,9.436009016980375,520.1687214374797,75.97377259302158,596.1424940305005,0.7
313,8820.0,S3 Improvement,428.5091856409563,90.08717751642749,0.0,80.40470065040996,0.0,77.80240890589687,0.0,22.100119861325616,428.5091856409563,270.39440693405993,698.9035925750177,2.85
314,6050.0,S3 Improvement,494.59636315738317,67.07651699335115,13.328183657060436,54.02738949898841,23.77501940690854,51.20434326594177,0.0,15.76793042804017,531.6995662213521,188.0761801863215,719.7757464076712,1.75
315,4250.0,S3 Improvement,537.6728801507343,41.55357528414309,25.80199787190577,37.470510213664355,37.50885245918471,37.80448519996077,0.0,13.228171682394159,600.9837304818248,130.05674238016238,731.0404728619869,1.15
316,7550.0,S3 Improvement,555.2264554348767,84.24082170671299,0.0,66.4090890192563,0.0,69.84319221098266,0.0,17.478186807884306,555.2264554348767,237.97128974483624,793.1977451797102,2.25
317,3250.0,S3 Improvement,615.4672771415899,31.614015346633597,34.7950736726234,29.684665404145147,40.15852680683747,25.267770031834306,0.0,13.240565199643063,690.4208776210507,99.8070159822561,790.2278936033035,0.9
318,9180.0,S3 Improvement,623.081292488223,107.42812551222507,0.0,79.07814540800493,0.0,82.86654057626997,0.0,24.15025189960133,623.081292488223,293.5230633961013,916.6043558843267,3.1
319,5280.0,S3 Improvement,706.5094180004489,49.35886055270936,29.719284855294973,46.69810098203058,36.16843959423932,47.41802083653184,0.0,14.647790665233263,772.3971424499832,158.12277303650504,930.5199154864895,1.6
320,2680.0,S3 Improvement,731.86827855316,29.095978053864705,47.32140778346002,21.32432674317307,62.2621336876,24.84408058286998,0.0,11.168582830538764,841.4518200242201,86.43296821044652,927.8847882346636,0.8
321,8080.0,S3 Improvement,736.9642566070252,83.19111914637217,0.0,63.710301077178926,8.850528573548218,74.67190259915024,0.0,22.237483303326307,745.8147851805734,243.81080612602767,989.6255913066016,2.5
322,4480.0,S3 Improvement,796.1553757533984,45.64158023437407,18.068720842806215,35.853375734992134,47.669055437709176,39.74672990750912,0.0,14.784795206545823,861.8931520339138,136.02648108342115,997.9196331173334,1.25
323,6280.0,S3 Improvement,817.7969559877711,68.80251920222993,0.0,60.1106012718659,12.424761448921345,57.3052735358483,0.0,19.047322523453857,830.2217174366924,205.26571653339798,1035.4874339700873,1.85
324,3680.0,S3 Improvement,862.5994751899998,42.281181519468134,17.82941975239737,32.466659249832375,37.263375734935835,34.931541136863096,0.0,12.203978476160712,917.692270677333,121.88336038232431,1039.575631059659,1.05
325,8580.0,S3 Improvement,880.8806567094689,83.66195741938553,0.0,75.7405686909651,0.0,73.61790370805026,0.0,21.620028149141685,880.8806567094689,254.64045796754257,1135.5211146770125,2.75
326,4980.0,S3 Improvement,100.54261412885535,54.85435398556742,20.886214705398743,46.42414329946455,27.193760408586968,49.2532121274491,0.0,15.027055800107082,148.62258924284106,165.55876521258816,314.18135445542794,1.45
327,2410.0,S3 Improvement,131.39696811442263,23.01312414175347,44.29723386310798,18.37547834129365,58.07149419474081,20.36408057231995,0.0,10.154128430880181,233.76569617227142,71.90681148624725,305.6725076585208,0.7
328,8850.0,S3 Improvement,130.41009225617745,78.63319591857478,0.0,71.82150742983211,0.0,67.21898842951406,0.0,20.95994202278339,130.41009225617745,238.63363380070436,369.0437260568797,2.3
329,6080.0,S3 Improvement,185.04328817475107,45.7816026413003,26.039904788529384,36.06308975358307,31.155898675930075,38.548524516605056,0.0,14.060236169176704,242.23909163921053,134.45345308066513,376.69254471988097,1.15
330,4280.0,S3 Improvement,206.82489081605308,105.24802227318746,0.0,87.22723432089047,0.0,78.5883547183364,0.0,22.96385313899707,206.82489081605308,294.0274644514114,500.8523552674633,3.25
331,7580.0,S3 Improvement,288.0729130892396,31.51608080787852,55.711153513009776,25.739504617040293,52.84885010129801,27.032821737071572,0.0,11.218625267321425,396.6329167035474,95.50703242931182,492.1399491328557,0.85
332,3280.0,S3 Improvement,295.5889938971195,69.54789242064608,11.902765709401137,53.31631921555265,26.565352622816135,60.73215375638651,0.0,18.240779506772284,334.0571122293368,201.83714489935755,535.8942571286971,1.95
333,9210.0,S3 Improvement,341.13688631776677,47.25241223872191,17.966672686230595,41.04383047530497,46.25367590389942,43.26193896066193,0.0,14.169838276752715,405.3572349078968,145.72801995144152,551.0852548593393,1.35
334,5310.0,S3 Improvement,364.38929855648894,87.67780508556908,0.0,69.09990845826034,0.0,74.6173311316071,0.0,21.341059496230674,364.38929855648894,252.7361041716672,617.1254027281575,2.65
335,2710.0,S3 Improvement,428.0671036420572,23.351496162952877,45.74841229531012,18.888474240705968,55.728856890902534,20.58794651116949,0.753112985061307,9.400756331395879,530.2974858133311,72.22867324622422,602.5261590595546,0.65
336,8110.0,S3 Improvement,427.41859980500885,73.38326773192117,0.0,64.20200037401507,3.3684218321504886,63.90384374027374,0.0,19.108457737029486,430.78702163715934,220.59756958323945,651.3845912204015,2.05
337,4510.0,S3 Improvement,476.80186753693124,36.56701789820121,27.634982475814468,28.51649755789014,38.755768014532805,34.17126134849854,0.0,11.53662489860664,543.1926180272785,110.79140170319653,653.9840197304766,0.95
338,6310.0,S3 Improvement,489.36888543513123,82.69405300369883,0.0,74.00193019928659,0.0,81.60161529812892,0.0,23.936029312097425,489.36888543513123,262.2336278132118,751.6025132483446,3.05
339,3710.0,S3 Improvement,548.0629384388303,53.0042015950199,20.99772860426674,48.90880079394405,32.69281450418566,47.18453226490939,0.0,14.998762405104973,601.7534815472827,164.0962970589783,765.8497786062617,1.6
340,8610.0,S3 Improvement,577.0671400338506,28.483714806614334,41.42281459159494,21.719596443511392,58.15775032558304,22.699157444751577,0.0,10.777145187204685,676.6477049510286,83.67961388208198,760.3273188331113,0.8
341,5010.0,S3 Improvement,581.550854840465,89.22827543366087,0.0,66.61717220902827,0.0,77.01019016645311,0.0,21.13515156013759,581.550854840465,253.99078936927984,835.5416442097448,2.5
342,2310.0,S3 Improvement,646.7791302741243,46.385866635009066,20.231305574019643,36.84748570556691,40.162704460886744,39.44351380791062,0.0,14.548556532134887,707.1731403090307,137.22542268062148,844.3985629896524,1.2
343,7710.0,S3 Improvement,669.1649969091341,63.074131545100606,0.0,55.068735390318515,18.54214261296147,54.12886661057778,0.0,18.000164498643716,687.7071395220955,190.27189804464064,877.9790375667399,1.8
344,4110.0,S3 Improvement,708.2391284542355,39.550215611059855,15.518519779259805,32.89827203362537,39.77273718991637,31.267971837608794,0.0,13.246824521987186,763.5303854234116,116.9632840042812,880.4936694276912,1.05
345,9410.0,S3 Improvement,723.7893440652952,83.98369196015794,0.0,75.07832781251845,0.0,74.04320080984071,0.0,21.675403277128858,723.7893440652952,254.78062385964597,978.569967924941,2.75
346,2910.0,S3 Improvement,783.7730360254536,51.581209060335674,23.49711875218418,42.15412499672829,31.889075813112868,42.274949511370636,0.0,15.408647564618326,839.1592305907507,151.41893113305292,990.5781617238026,1.4
347,6510.0,S3 Improvement,811.3542450857894,23.877193724693807,41.77405002421801,19.280107490637757,54.88391783384577,21.121253872332847,0.0,10.015750609750766,908.0122129438532,74.29430569741518,982.3065186412678,0.7
348,4810.0,S3 Improvement,811.2314388104824,88.08127990058833,0.0,76.93193803109038,0.0,79.996095379913,0.0,22.666428500425347,811.2314388104824,267.67574181201707,1078.9071806225002,2.85
349,8310.0,S3 Improvement,875.3127187110695,60.39227126313875,16.53966676795244,51.58502355399918,28.411071825914405,51.9726982561919,0.0,17.135049249358623,920.2634573049363,181.08504232268845,1101.3484996276238,1.7
350,2210.0,S3 Improvement,911.7049899742087,45.95732421800994,22.167366103942186,33.852429343992654,46.53134073811452,34.46177567983768,0.0,12.438056198059268,980.4036968162654,126.70958543989953,1107.1132822561594,1.15
1,6833.6,Batch Size Reduction,0.0,67.35999421442696,0.0,58.02179603203797,0.0,71.18425331984615,0.0,13.586048846512284,0.0,210.15209241282335,210.15209241282335,1.42
2,2568.0,Batch Size Reduction,43.35999421442696,31.343087790635117,26.67870824140286,22.863242589483498,48.321010730362644,30.841767924386545,0.0,10.000397546426242,118.35971318619247,95.0484958509314,213.40820903712387,2.15
3,5120.0,Batch Size Reduction,47.70308200506207,51.6532915087132,0.0,46.907147119977026,30.144290856945304,60.54847879916888,0.0,17.251178824333774,77.84737286200738,176.3600962521929,254.20746911420025,0.88
4,7296.0,Batch Size Reduction,72.35637351377528,69.50175305309607,0.0,63.88766814935545,4.210495573639719,79.6908471328951,0.0,17.51959588735181,76.566869087415,230.59986422269841,307.1667333101134,3.1
5,3600.0,Batch Size Reduction,124.85812656687136,39.806557172438694,24.081110976916705,29.379467532195545,54.5218751743393,39.55874143003807,0.0,11.706356376701319,203.46111271812737,120.45112251137363,323.912235229501,1.75
6,2240.0,Batch Size Reduction,147.66468373931008,24.57599179625211,28.884586712860084,21.940764377278985,72.1398522270984,24.918528299879604,0.0,8.626967938887613,248.68912267926856,80.0622524122983,328.7513750915669,1.2
7,5840.0,Batch Size Reduction,149.24067553556222,66.02180079449084,0.0,52.0814431800036,29.78048764262263,60.764651089359404,0.0,14.660033279517567,179.02116317818485,193.5279283433714,372.54909152155625,2.45
8,4080.0,Batch Size Reduction,192.26247633005306,40.85862933029022,11.222813849713361,36.377618508343495,54.16752022363852,48.465294141890084,0.0,13.104315845693478,257.65281040340494,138.80585782621728,396.4586682296223,0.95
9,3120.0,Batch Size Reduction,209.1211056603433,34.818610771874326,12.78182158618256,26.565544775649897,76.06726958987872,31.87954350834825,0.0,11.12534894663232,297.97019683640457,104.3890480025048,402.3592448389094,1.8
10,7040.0,Batch Size Reduction,216.9397164322176,72.49573107042352,0.0,61.994728970376734,12.80371941925921,78.04812528675555,0.0,17.637275693902552,229.74343585147682,230.17586102145836,459.9192968729351,2.9
11,4880.0,Batch Size Reduction,263.4354475026411,44.82483119725552,17.169897773121193,41.526489050371424,49.32535565564331,54.83003271009133,0.0,14.003841484638912,329.9307009314056,155.1851944423572,485.1158953737628,1.35
12,3360.0,Batch Size Reduction,285.2602786998966,31.407275917027903,27.28911090646477,30.42726287645328,73.72812548928141,41.560154015698984,0.0,10.961891088480854,386.2775150956428,114.35658389766103,500.6340989933037,2.05
13,6080.0,Batch Size Reduction,289.66755461692446,61.42337972642079,0.0,50.697468881766724,60.88380467971092,64.61663979217671,0.0,16.6017301129359,350.5513592966354,193.33921851330012,543.8905778099355,1.15
14,1920.0,Batch Size Reduction,326.0909343433452,19.88592760909812,30.811541272668705,18.05830232758506,107.44214214430258,20.12500331008405,0.0,8.328758109788678,464.3446177603165,66.3979913565559,530.7426091168722,0.7
15,7600.0,Batch Size Reduction,319.9768619524433,74.44902839628269,0.0,66.50024082269155,35.4877198356661,83.37725755204752,0.0,19.32762886291115,355.4645817881094,243.6541556339329,599.1187374220423,3.3
16,2480.0,Batch Size Reduction,368.42589034872594,28.247357892187225,38.25288293050437,20.842480486378463,98.0224969013351,29.386538096341084,0.0,9.457910131281546,504.7012701805654,87.93428660618832,592.6355567867537,1.1
17,4640.0,Batch Size Reduction,370.67324824091315,50.841363343092404,8.254000073790394,42.60696437572545,84.80207062195075,50.311054826497696,0.0,12.873905724304118,463.7293189366543,156.63328826961964,620.362607206274,1.9
18,6560.0,Batch Size Reduction,394.5146115840056,66.75339657589255,0.0,56.51403480136635,62.70665852070533,77.32834526064163,0.0,15.787545918345263,457.2212701047109,216.38332255624582,673.6045926609568,2.6
19,3280.0,Batch Size Reduction,436.26800815989816,35.8495835232791,20.664451278087313,28.547086789672274,111.48791699167464,36.6870449378278,0.0,11.117348635266845,568.4203764296601,112.20106388604601,680.621440315706,1.25
20,5360.0,Batch Size Reduction,447.11759168317724,55.712415080222826,0.0,46.445002772140256,95.22908214489883,58.187586273911144,0.0,13.848690680709707,542.3466738280761,174.19369480698393,716.5403686350601,2.1
21,2320.0,Batch Size Reduction,477.8300067634001,24.760127138806087,21.684875633334173,22.387004167460116,131.0296642513499,25.63470117432311,0.0,8.672251098611573,630.5445466480842,81.45408357920088,711.9986302272848,0.85
22,7440.0,Batch Size Reduction,477.59013390220616,81.65551834786886,0.0,67.58013620392605,51.50059067467237,89.9783479430341,0.0,18.60627929319877,529.0907245768785,257.8202817880278,786.9110063649061,3.2
23,4320.0,Batch Size Reduction,534.245652250075,43.49588525846664,24.084250945459416,39.5898666574033,101.88907196030323,48.31713256268188,0.0,12.401263599631356,660.2189751558376,143.80414807818318,804.0231232340207,1.5
24,2880.0,Batch Size Reduction,552.7415375085416,30.339625863843363,33.33449173901931,25.946243763143357,124.25996075984153,34.76934768009648,0.0,10.498024596168378,710.3359900074024,101.55324190325159,811.889231910654,1.05
25,6240.0,Batch Size Reduction,558.0811633723849,63.150996105644644,0.0,54.17035936883814,100.98868846761798,61.8421168125318,0.0,14.470744608949667,659.0698518400029,193.63421689596427,852.7040687359672,2.35
26,3920.0,Batch Size Reduction,0.0,43.88555367273011,0.0,33.667854497603074,0.0,46.01810481961414,0.0,12.638758085230217,0.0,136.21027107517753,136.2102710751774,1.4
27,1760.0,Batch Size Reduction,21.88555367273011,17.582360101337464,16.08549439626563,14.494410111788861,31.523694707825143,18.062348865780045,0.0,7.712507143894193,69.49474277682089,57.85162622280056,127.34636899962152,0.65
28,6960.0,Batch Size Reduction,13.467913774067483,74.91468721337009,0.0,62.090650558738254,0.0,78.7431009700685,0.0,17.308381560650712,13.467913774067483,233.05682030282753,246.52473407689513,2.8
29,4800.0,Batch Size Reduction,64.38260098743763,56.02212519038734,6.06852536835072,42.36245914324696,36.3806418268216,49.673526550470775,0.0,13.074140954922488,106.83176818260995,161.13225183902756,267.9640200216377,1.7
30,3440.0,Batch Size Reduction,97.40472617782507,34.8704806931688,13.56050381842897,32.49372204454001,53.56044633275246,36.722178734059064,0.0,10.156968968980657,164.5256763290065,114.24335044074854,278.7690267697549,1.15
31,6000.0,Batch Size Reduction,107.27520687099377,58.95381695195148,0.0,55.53030589319069,21.85272808463833,73.39898659994898,0.0,15.46058060595782,129.1279349556321,203.34369005104898,332.47162500668105,2.2
32,2640.0,Batch Size Reduction,141.22902382294524,25.5778085172752,29.952497375915527,21.55760073556366,73.69411394902363,29.571639501897806,0.0,9.689047222588293,244.8756351478844,86.39609597732496,331.27173112520927,0.95
33,7280.0,Batch Size Reduction,141.80683234022035,79.80201738935529,0.0,58.50713484726778,16.466699325777654,89.6436236652344,0.0,19.491354827578697,158.273531665998,247.44413072943615,405.7176623954342,3.05
34,4160.0,Batch Size Reduction,196.6088497295757,46.24107381838806,12.266061028879676,37.70803804686667,68.40228494414532,49.02924927090862,0.0,12.76069751003699,277.2771957026007,145.73905864620036,423.0162543488009,1.6
35,2160.0,Batch Size Reduction,219.84992354796373,20.21644601262453,29.75765306312178,19.816947993064474,97.61458622198938,24.909962530263023,0.0,8.657152788193631,347.2221628330749,73.60050932414566,420.82267215722095,0.8
36,6400.0,Batch Size Reduction,216.06636956058833,74.1915150418727,0.0,56.50009881537149,41.40753595119463,72.72063151175307,0.0,15.516305502886993,257.47390551178296,218.92855087188428,476.4024563836674,2.5
37,3680.0,Batch Size Reduction,264.257884602461,36.84957085981467,19.650527955556754,32.0111237498221,82.1170437131259,39.493435361574114,0.0,13.118384680331523,366.02545627114364,121.47251465154241,487.4979709226859,1.3
38,5040.0,Batch Size Reduction,277.10745546227577,49.27557293703774,2.3860787683411218,41.831303101183515,79.77917597351643,58.73312524829515,0.0,14.445802922291882,359.2727102041333,164.2858042088083,523.5585144129413,1.85
39,3040.0,Batch Size Reduction,302.3830283993134,31.617421625231273,12.59996024429347,27.533053437904876,110.97924778390643,33.0938125608242,0.0,10.170319153182367,425.9622364275133,102.41460677714271,528.3768432046559,1.0
40,7120.0,Batch Size Reduction,310.00045002454453,78.04640832638215,0.0,64.89247411279555,41.26719158775086,80.09908145521213,0.0,19.080138652116222,351.2676416122954,242.11810254650604,593.3857441588016,2.95
41,4480.0,Batch Size Reduction,363.04685835092687,48.93385441232306,15.95861970047281,38.8063243009167,82.55994874204589,51.30173293122891,0.0,12.944451151871727,461.56542679344557,151.9863627963404,613.551789589786,1.65
42,2000.0,Batch Size Reduction,388.9807127632498,20.51672672992021,34.24821727146946,17.892916143938777,115.968765529336,22.59362307781893,0.0,7.805414450970922,539.1976955640553,68.80868040264883,608.0063759667041,0.75
43,5760.0,Batch Size Reduction,385.4974394931701,58.53896106625254,0.0,54.882465808545206,77.28209514776563,68.87022340878526,0.0,14.119992172166981,462.7795346409357,196.41164245574998,659.1911770966854,2.15
44,3200.0,Batch Size Reduction,421.0364005594224,31.69383633790808,23.188629470636897,25.287901857371985,120.86441669917895,37.60363140421944,0.0,10.539546442642994,565.0894467292383,105.1249160421425,670.2143627713808,1.1
45,7680.0,Batch Size Reduction,427.73023689733054,80.74302501597872,0.0,69.3868994240652,56.81465499136357,91.49058839657879,0.0,19.834061854670935,484.5448918886941,261.45457469129366,745.9994665799877,3.35
46,2400.0,Batch Size Reduction,483.4732619133092,25.701802798624268,43.68509662544102,20.614128065189604,127.69111532275292,27.247678328305415,0.0,8.944908539299815,654.8494738615032,82.5085177314191,737.3579915929222,0.9
47,5200.0,Batch Size Reduction,484.1750647119334,58.34069873277887,5.958525957851634,47.86952059125249,107.06927305980571,59.22740867066973,0.0,13.876422239400396,597.2028637295907,179.31405023410147,776.5169139636923,1.95
48,3840.0,Batch Size Reduction,517.5157634447123,42.3438025592113,11.484243989893002,35.65868146180881,130.63800026866647,43.39827582188122,0.0,10.564184949003993,659.6380077032718,131.9649447919053,791.6029524951773,1.35
49,6720.0,Batch Size Reduction,534.8595660039236,71.14802281180744,0.0,58.950119085595944,91.08105964484639,76.18323636710208,0.0,19.434223808343546,625.94062564877,225.715602072849,851.656227721619,2.7
50,1680.0,Batch Size Reduction,581.0075888157312,16.108238483092432,42.84188060250335,14.429955887554677,152.83434012439375,19.062593268781157,0.3716305395623749,6.454768607710111,777.0554400821907,56.05555624713837,833.1109963293293,0.6
51,5600.0,Batch Size Reduction,0.0,53.78810880650881,0.0,43.316449013237516,0.0,62.17390651543001,0.0,14.3685623914701,0.0,173.64702672664646,173.6470267266468,2.05
52,2800.0,Batch Size Reduction,29.788108806508717,29.513593276018277,13.802855737219488,25.407466583525444,36.76643993190464,32.73546822554914,0.0,10.634750960690964,80.35740447563285,98.29127904578382,178.6486835214164,1.0
53,7200.0,Batch Size Reduction,34.301702082526845,71.21898339873177,0.0,59.15552168659492,0.0,81.32176802745022,0.0,18.914370140982275,34.301702082526845,230.61064325375918,264.91234533628585,3.0
54,4240.0,Batch Size Reduction,80.52068548125862,41.39187065589992,17.7636510306952,38.39796551549076,42.923802511959366,48.70553429951208,0.0,12.526567276195074,141.2081390239132,141.0219377470978,282.2300767710112,1.55
55,2080.0,Batch Size Reduction,97.91255613715839,21.31866629807564,34.842950248110355,19.011323319196592,72.61801349227517,24.76638054421437,0.0,8.13763101975165,205.3735198775439,73.23400118123826,278.6075210587819,0.8
56,6480.0,Batch Size Reduction,95.23122243523403,73.15329080290502,0.0,52.549767235257185,25.53560956563433,73.57899467291779,0.0,16.670857216283665,120.76683200086836,215.95290992736363,336.719741928232,2.55
57,3520.0,Batch Size Reduction,144.38451323813888,37.65779184645364,14.89197538880353,33.3896865252785,65.7249177132735,35.24037667063413,0.0,11.194661829345666,225.0014063402159,117.48251687171192,342.48392321192796,1.2
58,4960.0,Batch Size Reduction,158.0423050845925,53.33834934306933,0.0,42.53931068222214,53.36929627269865,53.313337949135565,0.0,13.481464051036367,211.41160135729115,162.6724620254634,374.08406338275427,1.8
59,2960.0,Batch Size Reduction,186.38065442766174,32.31626635323753,10.223044328984543,25.554131729106743,81.12850249272742,33.26222224555074,0.0,9.743121845195468,277.7322012493737,100.87574217309049,378.60794342246436,1.05
60,6880.0,Batch Size Reduction,194.6969207808993,71.73736382400217,0.0,62.593787365315336,15.836749607051843,78.13658526814419,0.0,17.32012668217909,210.53367038795113,229.78786313964076,440.32153352759224,2.75
61,4000.0,Batch Size Reduction,243.43428460490168,43.71699911516095,18.876788250154277,34.0738152301843,59.89951964501188,42.73970406486586,0.0,12.732065505124087,322.21059250006783,133.2625839153352,455.4731764154026,1.45
62,1840.0,Batch Size Reduction,264.15128372006257,20.188970340858944,32.76163313947973,15.719228747157723,86.91999496272001,20.384162822358,0.0,7.44280093415516,383.8329118222623,63.735162844529825,447.56807466679174,0.7
63,6160.0,Batch Size Reduction,260.3402540609213,60.647284598600294,0.0,55.177736352023686,39.959998721091324,68.56860704081002,0.0,16.149707747731284,300.30025278201265,200.5433357391653,500.84358852117794,2.3
64,3320.0,Batch Size Reduction,295.98753865952176,35.04565633919625,20.132080012827373,31.77878329194011,76.74982246996115,35.692578739697545,0.0,10.70150684595771,392.8694411423103,113.21852521679162,506.0879663591022,1.15
65,7520.0,Batch Size Reduction,307.03319499871805,80.30956523288665,0.0,67.651064010484,16.39263527105595,85.14195809954197,0.0,18.95774466699537,323.425830269774,252.060332009908,575.486162279682,3.25
66,2360.0,Batch Size Reduction,363.34276023160464,22.864995775927213,44.78606823455675,19.28733013025179,82.24726324034646,24.431717565574644,0.0,8.473109345776201,490.37609170650785,75.05715281752984,565.4332445240375,0.85
67,5280.0,Batch Size Reduction,362.20775600753177,54.08338865889279,9.990009705915327,46.193019499177865,60.48596130674332,61.70915584227947,0.0,14.971417123603144,432.6837270201904,176.95698112395326,609.6407081441439,2.0
68,3760.0,Batch Size Reduction,392.29114466642477,38.29587318818417,17.887156016909103,32.553033557458825,89.64208359156373,41.150723955449244,0.0,11.604561841005143,499.8203842748976,123.60419254209737,623.4245768169953,1.3
69,6640.0,Batch Size Reduction,405.5870178546088,70.33182472586712,0.0,57.38717462141117,53.51399777410279,77.97006796294208,0.0,17.29338845379984,459.1010156287116,222.98245576402022,682.083471392732,2.65
70,1800.0,Batch Size Reduction,450.91884258047594,17.704533096212764,39.682641525198505,15.039821721353654,116.44424401569131,20.44447970255627,0.0,8.540084438647403,607.0457281213658,61.72891895877009,668.7746470801358,0.65
71,5680.0,Batch Size Reduction,444.62337567668874,57.423601233050306,0.0,49.9103832835322,84.2772024482174,64.65874492438107,0.0,13.96461129701401,528.9005781249061,185.95734073797757,714.8579188628837,2.1
72,2720.0,Batch Size Reduction,478.046976909739,29.63122990785135,20.279153375680835,22.63502747491021,126.30091989768835,28.946292486071624,0.0,9.818419283148415,624.6270501831082,91.0309691519816,715.6580193350901,0.95
73,7360.0,Batch Size Reduction,483.6782068175903,78.27285103409253,0.0,62.419069082496165,57.46947311776239,80.45616371401896,0.0,18.304473749830752,541.1476799353527,239.45255758043837,780.6002375157905,3.15
74,4400.0,Batch Size Reduction,537.9510578516829,38.216372618837916,24.202696463658413,37.9844778449701,99.94115898681093,47.93734671348665,0.0,13.953779551688791,662.0949133021522,138.09197672898347,800.1868900311356,1.65
75,2280.0,Batch Size Reduction,552.1674304705207,24.42717681672199,37.75999749190669,21.466286725080657,126.41221897521655,27.871231797259185,0.0,9.524115195470998,716.3396469376439,83.28881053453283,799.6284574721767,0.85
76,6320.0,Batch Size Reduction,0.0,67.13716421062577,0.0,50.58683551967785,0.0,70.09084260000023,0.0,17.327973181429176,0.0,205.14281551173303,205.14281551173372,2.4
77,3640.0,Batch Size Reduction,43.137164210626,39.38672528241123,11.200110237266927,30.92628289971673,39.16455970028346,39.1546986020725,0.0,11.721047090952318,93.50183414817639,121.18875387515277,214.69058802332893,1.25
78,5120.0,Batch Size Reduction,58.52388949303713,54.45147419074491,0.0,43.258262583159436,22.735914665435303,59.94142164578481,0.0,13.7524709990821,81.25980415847243,171.40362941877126,252.66343357724327,1.9
79,3000.0,Batch Size Reduction,88.97536368378223,27.642196155315716,15.61606642784318,26.912540249150965,55.764796062068854,34.386404246718534,0.0,11.317434798163335,160.35622617369427,100.25857544934854,260.6148016230427,1.0
80,7000.0,Batch Size Reduction,92.61755983909825,73.17395952165032,0.0,61.81399958657285,0.0,78.77882494962887,0.0,16.814003881244897,92.61755983909825,230.58078793909692,323.19834777819597,2.85
81,4120.0,Batch Size Reduction,141.79151936074868,42.932889490506525,18.88111009606655,36.48231258698742,42.296512362641806,49.31375517426031,0.0,12.501487918736519,202.96914181945704,141.23044517049078,344.1995869899474,1.5
82,1880.0,Batch Size Reduction,160.72440885125525,18.131014354945794,37.23240832810825,14.811597324571375,76.79867021233076,20.879933465320846,0.0,8.055988912652948,274.75548739169426,61.87853405749097,336.63402144918473,0.7
83,6120.0,Batch Size Reduction,154.8554232062006,61.39415040566427,0.0,49.54736536135908,38.78109356330879,75.55199461981874,0.0,15.623831563067553,193.6365167695094,202.11734194990964,395.7538587194176,2.3
84,3240.0,Batch Size Reduction,192.24957361186443,35.63398157831241,13.913383783046811,29.970156334836652,84.36293184829083,35.995217919851825,0.0,10.03835320529144,290.5258892432021,111.63770903829233,402.16359828149325,1.1
85,7640.0,Batch Size Reduction,203.8835551901766,78.46392838327208,0.0,71.76094553376147,14.016815968991978,83.28436305804267,0.0,19.825561729288545,217.90037115916857,253.3347987043648,471.2351698635339,3.3
86,2440.0,Batch Size Reduction,258.3474835734487,25.10010072998614,46.660844803775035,22.40820756602625,74.89297146100853,28.46269668787972,0.0,9.196206546623491,379.90129983823226,85.16721153051559,465.06851136874775,0.9
87,5240.0,Batch Size Reduction,259.4475843034352,54.42031385474117,14.648738515060359,46.59686149213657,56.7588066567514,57.95039055801826,0.0,14.221326153572244,330.85512947524694,173.18889205846824,504.04402153371575,1.95
88,3880.0,Batch Size Reduction,289.8678981581761,43.452869672617915,17.792730334578664,32.70204578024407,82.00715143452635,43.69803805067217,0.0,12.093194867443819,389.6677799272811,131.94614837097797,521.6139282982595,1.35
89,6680.0,Batch Size Reduction,309.32076783079447,73.62435792887278,0.0,53.08510825827861,49.49049941286921,77.53085454240815,0.0,16.422579611705345,358.8112672436637,220.66290034126487,579.4741675849282,2.65
90,1720.0,Batch Size Reduction,358.94512575966746,17.103536666031047,35.98157159224775,14.098326852477015,112.9230271028,18.758628307045367,0.0,8.079815548669636,507.8497244547152,58.04030737422307,565.8900318289379,0.6
91,5640.0,Batch Size Reduction,352.04866242569824,57.38939193106485,0.0,49.97749175947935,74.39467016402523,59.50378382906006,0.0,15.127486996917824,426.44333258972347,181.9981545165221,608.4414871062454,2.05
92,2760.0,Batch Size Reduction,385.43805435676313,27.853126321324574,22.12436543815511,24.546282992387788,109.35217100069713,29.454240850184323,0.0,9.971746592229486,516.9145907956154,91.82539675612617,608.7399875517422,0.95
93,7320.0,Batch Size Reduction,389.2911806780876,75.81729897398955,0.0,62.113625754894876,47.54613555254036,78.68988395625972,0.0,19.90106313975927,436.83731623062795,236.5218718249034,673.3591880555323,3.1
94,4200.0,Batch Size Reduction,441.1084796520772,47.73207775823299,14.381547996662448,31.868924961245938,94.36709454755419,45.75969215745138,0.0,13.684256413318103,549.8571221962939,139.0449512902484,688.9020734865426,1.6
95,2120.0,Batch Size Reduction,464.8405574103099,20.83338115403403,25.417091803874428,17.931086506154216,122.19570019885123,23.221093016862415,0.0,9.41764530515468,612.4533494130355,71.40320598220534,683.8565553952412,0.8
96,6440.0,Batch Size Reduction,461.6739385643441,69.43623706555707,0.0,57.63224787224392,61.69648658794085,74.9982369612526,0.0,15.83875456378892,523.370425152285,217.9054764628425,741.2759016151276,2.5
97,3560.0,Batch Size Reduction,507.1101756299013,35.55494897830028,22.077298893943407,31.822359009009904,104.8723645401833,40.315687122611365,0.0,11.142455367728381,634.059839064028,118.83545047764994,752.8952895416778,1.2
98,5000.0,Batch Size Reduction,518.665124608202,52.174082997949704,1.7255749050036684,45.94775666611485,99.24029499667995,56.668943895240034,0.0,12.593294674609782,619.6309945098856,167.38407823391438,787.0150727437995,1.8
99,2920.0,Batch Size Reduction,546.8392076061518,30.098970573341724,17.57436099777624,27.145659758158633,128.7635791337616,33.05829217008436,0.0,10.329192211671526,693.1771477376897,100.63211471325624,793.8092624509454,1.05
100,6840.0,Batch Size Reduction,552.9381781794937,70.1638912435017,0.0,62.16634324422362,74.21165757205472,85.15446802870436,0.0,17.619929115364624,627.1498357515484,235.10463163179426,862.2544673833427,2.75
101,3960.0,Batch Size Reduction,0.0,39.47871126837468,0.0,33.15749017179013,0.0,43.999410587442554,0.0,12.776000837104812,0.0,129.41161286471217,129.41161286471288,1.4
102,1904.0,Batch Size Reduction,15.478711268374354,18.687473804011773,14.470016367778953,15.33087006519336,28.668540522249714,19.23583598055982,0.0,7.914415173641146,58.61726815840302,61.1685950234061,119.78586318180805,0.7
103,7056.0,Batch Size Reduction,10.166185072385815,76.0811723913153,0.0,65.53212151353351,0.0,81.0497087318043,0.0,18.869961192602865,10.166185072385815,241.53296382925598,251.69914890164273,2.85
104,4840.0,Batch Size Reduction,62.24735746370152,52.391764177124266,13.14035733640958,43.77018287059312,37.27952586121137,55.56998358819566,0.0,14.12599528386453,112.66724066132247,165.85792591977759,278.52516658110017,1.75
105,3400.0,Batch Size Reduction,90.63912164082558,35.33133791765419,21.57920228934836,29.298545532455552,63.55096391695224,35.8618813353104,0.0,10.35759541755867,175.76928784712618,110.84936020297881,286.61864805010464,1.15
106,6040.0,Batch Size Reduction,101.97045955847989,69.20193211207426,0.0,47.63085803199616,33.45780292999552,64.46687141291798,0.0,15.542606545406867,135.4282624884754,196.84226810239528,332.2705305908712,2.25
107,2600.0,Batch Size Reduction,147.17239167055413,26.40713754365512,21.223720488341314,21.01820269999686,76.9064716429175,28.287188339311815,0.0,9.771727964254215,245.30258380181294,85.48425654721801,330.7868403490302,0.9
108,7344.0,Batch Size Reduction,149.5795292142093,70.5883689256837,0.0,69.45203068962029,7.395183555263429,85.35032368445844,0.0,18.09349469253585,156.97471276947272,243.48421799229828,400.4589307617707,3.1
109,4224.0,Batch Size Reduction,196.1678981398927,46.20274370312865,23.249286986491825,36.24270309206663,56.5028041476553,51.48061557252951,0.0,13.655155333145533,275.91998927403984,147.5812177008703,423.5012069749091,1.6
110,2144.0,Batch Size Reduction,218.37064184302108,21.143193777689618,38.348796300868344,19.735180396565834,88.24823932361869,24.66858781902905,0.0,9.17416292681388,344.9676774675081,74.72112492009838,419.6888023876063,0.8
111,6464.0,Batch Size Reduction,215.51383562071078,61.76077481118276,0.0,57.988032840690565,51.25199618820807,72.28454966910421,0.0,17.152662757564276,266.76583180891885,209.18602007854182,475.9518518874611,2.5
112,3584.0,Batch Size Reduction,253.27461043189396,38.90482526347823,19.083207577212306,31.5832096403489,91.95333621696318,42.635480198216385,0.0,11.563935737644252,364.31115422606945,124.68745083968777,488.99860506575715,1.2
113,5024.0,Batch Size Reduction,268.1794356953724,51.56218422890552,0.0,44.457734511687995,89.23531489214747,52.56279432681728,0.0,12.73329806407375,357.41475058751985,161.31601113148454,518.7307617190045,1.8
114,2944.0,Batch Size Reduction,295.741619924278,30.274875702592755,14.182858809094796,25.51788416095192,116.28022505801255,33.12236050791614,0.0,10.171916659469955,426.2047037913853,99.08703703093077,525.2917408223166,1.05
115,6864.0,Batch Size Reduction,302.0164956268709,76.11805571662173,0.0,63.10116637660541,49.88410644274791,77.30340134687526,0.0,17.67498988796528,351.9006020696188,234.19761332806766,586.0982153976865,2.75
116,3984.0,Batch Size Reduction,354.1345513434926,39.83234798770357,23.26881838890222,32.2475168139768,94.93999097564574,43.23330034421756,0.0,12.061167755573633,472.34336070804056,127.37433290147156,599.717693609512,1.4
117,1928.0,Batch Size Reduction,369.96689933119615,20.34653389019387,35.169801312685195,15.937496120752835,122.23579519910982,20.406937684164404,0.0,8.098676403429435,527.3724958429912,64.78964409854055,592.1621399415326,0.7
118,7080.0,Batch Size Reduction,366.31343322139037,79.24944045926046,0.0,59.08061645196839,55.41997340548369,82.28649822427433,0.0,18.015574079255867,421.73340662687406,238.63212921475903,660.3655358416336,2.85
119,4864.0,Batch Size Reduction,421.56287368065114,52.41165183674369,6.668964615224468,39.73549406738461,97.97097756237326,52.28659325867117,0.0,13.760982470444581,526.2028158582489,158.19472163324406,684.3975374914935,1.75
120,3424.0,Batch Size Reduction,449.9745255173948,34.365255932620094,12.039202749989272,30.235873466510107,120.0216973545339,39.87304810480117,0.0,10.934099749529842,582.035425621918,115.40827725346122,697.44370287538,1.15
121,6064.0,Batch Size Reduction,460.3397814500149,63.289960899337615,0.0,52.74412897117578,86.13573180532148,64.8223149788326,0.0,15.84116228613061,546.4755132553364,196.69756713547662,743.1730803908131,2.25
122,2624.0,Batch Size Reduction,499.62974234935245,28.49981788450141,24.244311086674315,21.745038459867285,129.21300832428733,27.59923636755878,0.0,9.89881479134379,653.0870617603141,87.74290750327128,740.8299692635856,0.9
123,7368.0,Batch Size Reduction,504.12956023385414,70.5382004229268,0.0,61.65883887695067,70.60455493850986,78.6920121617204,0.0,18.685810312069574,574.734115172364,229.57486177366746,804.3089769460312,3.1
124,4248.0,Batch Size Reduction,550.667760656781,43.51793139428244,18.1409074826679,35.854252153625445,113.44231494660471,49.952418204241354,0.0,12.37798400137339,682.2509830860536,141.70258575352264,823.9535688395763,1.6
125,2168.0,Batch Size Reduction,570.1856920510636,21.535123692953732,32.46003594333979,20.62272782151442,142.77200532933148,22.49579303416542,0.0,9.836933933985701,745.4177333237349,74.49057848261927,819.9083118063545,0.8
126,6488.0,Batch Size Reduction,0.0,61.98699247619669,0.0,63.0887645985314,0.0,67.15473613823487,0.0,17.26483322660871,0.0,209.49532643957167,209.49532643957173,2.5
127,3608.0,Batch Size Reduction,37.986992476196974,38.68064842209388,24.408116176437034,33.38620601540065,33.76853012283391,39.8814243389702,0.0,11.443116630086642,96.16363877546792,123.39139540655137,219.55503418201988,1.25
128,5048.0,Batch Size Reduction,52.66764089829121,52.24070342574778,5.55361876609004,46.16215556826581,27.48779889353864,51.05403429218224,0.0,14.495424734804764,85.70905855791989,163.95231802100062,249.66137657892068,1.85
129,2968.0,Batch Size Reduction,80.90834432403881,28.646727799301864,23.06904653505444,24.35851858292338,54.18331460279751,34.00103923312268,0.0,9.92087775604203,158.16070546189076,96.92716337138997,255.08786883327957,1.05
130,6888.0,Batch Size Reduction,85.55507212334032,75.51193760303498,0.0,59.368444800281615,0.7315365505810405,81.5011782362362,0.0,17.634923870658135,86.28660867392136,234.01648451021092,320.3030931841322,2.75
131,4008.0,Batch Size Reduction,137.06700972637555,43.00005390892619,16.368390891355375,35.48046022726192,46.752254559555695,47.257368114029866,0.0,11.547051288035377,200.18765517728662,137.28493353825337,337.47258871554004,1.45
132,1848.0,Batch Size Reduction,156.06706363530157,18.69246424763758,33.15638687097908,14.627010396023309,79.38261227756266,21.57032857686923,0.0,7.912216179906775,268.6060627838433,62.80201940043689,331.40808218428083,0.7
133,6168.0,Batch Size Reduction,150.75952788293944,61.074657929497974,0.0,54.60822390580803,33.053456286128494,69.35808309319715,0.0,17.65328686974078,183.81298416906793,202.69425179824395,386.5072359673113,2.3
134,3288.0,Batch Size Reduction,187.83418581243768,32.851443357921134,21.756780547886592,29.85223562511684,72.55930375420849,34.39539497808584,0.0,10.582446411603259,282.15027011453276,107.68152037272708,389.83179048726015,1.15
135,7528.0,Batch Size Reduction,196.68562917035888,78.0983353573072,0.0,65.54705580263554,14.918323745355337,83.14920518911553,0.0,16.77627301732759,211.60395291571422,243.57086936638586,455.17482228209974,3.25
136,2328.0,Batch Size Reduction,250.78396452766628,25.96522530766565,39.581830494969836,21.80381539990633,76.26371353456489,25.148913094739232,0.0,8.780537241584963,366.629508557201,81.69849104389618,448.32799960109696,0.85
137,5208.0,Batch Size Reduction,252.7491898353319,51.2137823110408,10.171863583835147,46.124446979765565,55.288179649538506,55.52296217791301,0.0,14.4402987603622,318.20923306870554,167.30149022908157,485.5107232977871,1.95
138,3848.0,Batch Size Reduction,279.9629721463725,38.53292132634755,17.76338923725325,36.01157096358062,74.79957086387094,42.502635459891756,0.0,12.542925116731169,372.5259322474967,129.5900528665511,502.11598511404827,1.35
139,6648.0,Batch Size Reduction,294.4958934727201,67.05472702670322,0.0,59.814767342639996,44.20767215525302,75.53647155259412,0.0,17.416345699993297,338.70356562797315,219.82231162193062,558.5258772499037,2.65
140,1768.0,Batch Size Reduction,337.55062049942353,19.19325095666333,40.621516385976975,14.472411116836817,105.27173259100982,19.137366353999575,0.0,7.6327983525470104,483.4438694764103,60.43582678004673,543.8796962564575,0.65
141,5648.0,Batch Size Reduction,332.7438714560867,58.82772554618867,0.0,53.52907277859829,67.14622812303605,66.12462419233498,0.0,14.89598219513676,399.89009957912276,193.37740471225868,593.2675042913825,2.05
142,2728.0,Batch Size Reduction,367.57159700227567,30.50349199315434,23.025580785444618,23.882269815598974,109.38858249977238,29.41022149913749,0.0,9.627054860072386,499.98576028749267,93.4230381679632,593.4087984554553,0.95
143,7288.0,Batch Size Reduction,374.0750889954297,81.2904704835886,0.0,62.357146589957324,42.05903752640734,84.78065581718346,0.0,18.613479482423617,416.13412652183706,247.041752373153,663.1758788949901,3.05
144,4168.0,Batch Size Reduction,431.365559479018,45.682490550538255,16.67465603941946,35.27265881419058,91.5670345294011,48.94381740030784,0.0,12.542460493181185,539.6072500478385,142.44142725821786,682.0486773060566,1.6
145,2088.0,Batch Size Reduction,453.0480500295562,21.503909136990845,30.443405716619054,18.421655182932238,122.0891967467769,24.609458277094777,0.0,8.91851676279083,605.5806524929521,73.45353935980869,679.0341918527611,0.8
146,6408.0,Batch Size Reduction,450.551959166547,67.32158156166798,0.0,56.54604680024171,71.6960875615132,74.20729509715953,0.0,17.407969469882588,522.2480467280602,215.4828929289518,737.7309396570126,2.5
147,3528.0,Batch Size Reduction,493.8735407282147,37.73535436655595,18.8106924336862,29.14289099830873,116.760491660365,39.623221860194185,0.0,11.31040743765968,629.4447248222659,117.81187466271854,747.2565994849829,1.2
148,4968.0,Batch Size Reduction,507.60889509477056,52.59553591794984,0.0,43.1922681508149,108.54949288378884,58.68164258196714,0.0,13.69707347551331,616.1583879785594,168.1665201262452,784.3249081048052,1.8
149,2888.0,Batch Size Reduction,536.2044310127203,30.42086503565757,12.771403115157227,26.37132880932711,140.8598066564282,31.821555230708242,0.0,10.081702970558277,689.8356407843057,98.6954520462512,788.5310928305571,1.05
150,6808.0,Batch Size Reduction,542.625296048378,67.13132113114808,0.0,61.76043480968505,82.93233787078861,77.04369519336315,0.0,18.321872611543256,625.5576339191666,224.25732374573954,849.8149576649048,2.75
151,3928.0,Batch Size Reduction,0.0,37.95468912922538,0.0,33.69936036318318,0.0,40.251642218530776,0.0,13.330347805425951,0.0,125.23603951636528,125.23603951636505,1.4
152,1872.0,Batch Size Reduction,13.95468912922479,18.639847162947962,15.059513200236324,16.465671006553546,23.785971211977085,20.330843858195838,0.0,7.871839830489396,52.8001735414382,63.308201858186735,116.10837539962449,0.7
153,7024.0,Batch Size Reduction,8.594536292172052,79.6515688725384,0.0,62.260090215890365,0.0,75.1473496311017,0.0,19.74149946613124,8.594536292172052,236.80050818566173,245.3950444778311,2.85
154,4808.0,Batch Size Reduction,64.24610516470966,49.00528623951848,13.254803976371477,39.00874383590949,36.138605795191324,53.3527925895678,0.0,12.985019890312888,113.63951493627246,154.35184255530865,267.9913574915827,1.7
155,3368.0,Batch Size Reduction,89.25139140422834,34.059989554309325,18.203558257971963,30.18891588376547,59.3024825009943,34.71377048734413,0.0,10.596272904811904,166.7574321631946,109.55894883023083,276.3163809934249,1.15
156,6008.0,Batch Size Reduction,99.31138095853748,58.94067435513049,0.0,46.272732888030966,37.19531988691597,70.08887137134819,0.0,14.232038990056498,136.50670084545345,189.53431760456616,326.0410184500179,2.2
157,2568.0,Batch Size Reduction,134.25205531366737,26.052950277942962,20.21978261008735,21.751298301887743,85.5328929563766,28.451291740784274,0.0,9.365338205227678,240.00473088013132,85.62087852584266,325.6256094059736,0.9
158,7312.0,Batch Size Reduction,136.3050055916101,68.82977596638833,0.0,60.235567230098425,26.889922412648957,82.37667652650629,0.0,19.350089231737876,163.19492800425905,230.79210895473094,393.98703695898985,3.05
159,4192.0,Batch Size Reduction,181.1347815579993,41.32495794987267,18.91060928022489,37.51161739810308,71.75498154105298,45.13233061950332,0.0,11.911335006394687,271.8003723792772,135.88024097387375,407.68061335314997,1.6
160,2112.0,Batch Size Reduction,198.45973950787265,22.53484108096215,33.88738559736521,18.73745905278585,98.14985310777047,24.122856538160818,0.0,8.399818674101114,330.49697821300833,73.79497534600993,404.2919535590172,0.8
161,6432.0,Batch Size Reduction,196.99458058883465,65.2431965372338,0.0,55.87061474142675,53.78374301742042,71.25602344307507,0.0,16.818340714950136,250.77832360625507,209.18817543668575,459.966499042941,2.5
162,3552.0,Batch Size Reduction,238.23777712606898,37.1443216917442,18.72629304968177,33.933082047030666,91.10668441346388,37.38804572690812,0.0,11.103109152372719,348.07075458921463,119.56855861805572,467.6393132072717,1.2
163,4992.0,Batch Size Reduction,251.38209881781404,49.96650760639997,2.6928674903138017,43.3443843999848,85.15034574038691,56.05634985105585,0.0,14.446100533723246,339.22531204851475,163.81334239116384,503.0386544396788,1.8
164,2912.0,Batch Size Reduction,277.34860642421336,32.141916904828115,13.895334985470981,23.08118708283858,118.12550850860498,34.86725725894064,0.0,10.976411355028027,409.3694499182893,101.06677260163536,510.43622251992383,1.05
165,6832.0,Batch Size Reduction,285.490523329041,67.34205316597796,0.0,58.26789430641059,64.35934036346589,77.36267265720821,0.0,17.767760335027724,349.8498636925069,220.74038046462448,570.5902441571307,2.75
166,3952.0,Batch Size Reduction,328.83257649501866,41.91706256949056,16.350831736919645,35.73811498088715,105.98389803978534,41.92932509103261,0.0,10.639466457053643,451.16730627172365,130.22396909846395,581.3912753701898,1.4
167,1896.0,Batch Size Reduction,346.7496390645101,20.028415333754126,32.06053138405332,14.874028923148536,133.03919420766942,21.994683780232894,0.0,7.941550012983703,511.84936465623286,64.83867805011926,576.6880427063516,0.7
168,7048.0,Batch Size Reduction,342.77805439826443,78.74500171161871,0.0,63.82627426581615,59.39716231766943,79.00325647717477,0.0,17.176022456266125,402.17521671593386,238.7505549108758,640.9257716268094,2.85
169,4832.0,Batch Size Reduction,397.5230561098833,50.1096790577198,13.716595208095896,39.743540339981564,98.65687845486354,54.6319457766202,0.0,14.073229153337977,509.89652977284277,158.55839432765953,668.4549241005025,1.75
170,3392.0,Batch Size Reduction,423.63273516760273,37.062892944137566,16.397242603939958,26.492282812142005,126.79654141934225,34.973866744271014,0.0,10.646768123882731,566.8265191908849,109.17581062443332,676.0023298153174,1.15
171,6032.0,Batch Size Reduction,436.69562811174,61.61398437227671,0.0,52.72712599863817,90.3188232087814,67.04846873649244,0.0,16.124928547332413,527.0144513205214,197.51450765473973,724.528958975261,2.25
172,2592.0,Batch Size Reduction,474.3096124840158,27.918565636968097,24.80856036166915,20.786992246173078,136.5802996991024,27.90542324555819,0.0,9.047405710931086,635.6984725447874,85.65838683963045,721.3568593844175,0.9
173,7336.0,Batch Size Reduction,478.228178120984,83.13700811945915,0.0,62.498866017925586,64.44540141511607,78.5216317198685,0.0,19.262799375385512,542.6735795361001,243.42030523263873,786.0938847687394,3.1
174,4216.0,Batch Size Reduction,537.365186240444,46.51469306404245,15.984172953883899,37.1994241206208,105.76760901436319,47.7895471647466,0.0,10.648228346419437,659.1169682086911,142.1518926958293,801.2688609045199,1.6
175,2136.0,Batch Size Reduction,559.8798793044862,22.51111226684271,30.67248480766284,18.647770051216373,134.9093861278925,24.652861561977694,0.0,8.226221474089881,725.4617502400415,74.03796535412665,799.4997155941674,0.8
176,6456.0,Batch Size Reduction,0.0,71.33526161632801,0.0,56.67151591959844,0.0,80.00208452966073,0.0,16.557639766348938,0.0,224.56650183193614,224.56650183193597,2.5
177,3576.0,Batch Size Reduction,47.33526161632835,33.90664854749949,22.764867372099616,31.288061502652354,48.71402302700881,42.74644689782712,0.0,10.934137552700724,118.81415201543678,118.8752945006797,237.6894465161149,1.2
178,5016.0,Batch Size Reduction,57.241910163827924,46.70065966083188,7.352269213919499,45.29742286850031,46.16304705633593,51.70671942524713,0.0,14.976526897783714,110.75722643408335,158.68132885236304,269.438555286446,1.8
179,2936.0,Batch Size Reduction,79.94256982465959,30.18531000208094,22.4643820803376,25.123182902232543,72.74658357935004,33.25208703563834,0.0,10.657999550118468,175.15353548434723,99.21857949007028,274.37211497441785,1.05
180,6856.0,Batch Size Reduction,86.12787982674126,68.02749473890235,0.0,60.29375016742166,25.264990691233834,70.31104552201805,0.0,16.537900587211134,111.3928705179751,215.1701910155532,326.5630615335285,2.75
181,3976.0,Batch Size Reduction,130.1553745656438,40.44433477136012,19.849415396061886,35.65891184588413,59.91712436736816,51.228248636787356,0.0,13.126415867855414,209.92191432907384,140.45791112188704,350.3798254509602,1.4
182,1920.0,Batch Size Reduction,146.59970933700424,20.0600809887565,35.4482462531887,16.148982633165257,94.99639037099041,21.230528938873633,0.0,7.9920307433124895,277.04434596118335,65.43162330410787,342.4759692652915,0.7
183,7072.0,Batch Size Reduction,142.6597903257607,76.68888500177407,0.0,60.150222324741655,30.98504086970206,73.05899049131206,0.0,19.69204383708282,173.64483119546276,229.59014165491058,403.2349728503741,2.85
184,4856.0,Batch Size Reduction,195.3486753275356,48.32643104378591,11.823791280954538,41.833786289685634,62.210245071328245,52.474363199727684,0.0,14.755705107420022,269.3827116798184,157.39028564061925,426.77299732043866,1.75
185,3416.0,Batch Size Reduction,219.67510637132182,35.55430894374774,18.103268626893623,31.074325613230315,83.61028265782625,39.766415715217704,0.0,10.94665173854868,321.3886576560417,117.34170201074444,438.73035966678435,1.15
186,6056.0,Batch Size Reduction,231.22941531506876,64.30869273321447,0.0,51.56188708622554,56.683712793726954,70.13677617152564,0.0,16.026290238521245,287.9131281087957,202.03364622948692,489.94677433828474,2.25
187,2616.0,Batch Size Reduction,271.5381080482839,29.188801002714314,22.373086083511225,22.362717339692136,104.45777162556078,29.17703712780549,0.0,9.565171848467774,398.3689657573559,90.29372731867971,488.6626930760358,0.9
188,7360.0,Batch Size Reduction,276.7269090509981,80.01572429446912,0.0,67.2583658435593,31.09652203854057,90.0988957721184,0.0,20.956260998381197,307.82343108953864,258.32924690852803,566.1526779980668,3.1
189,4240.0,Batch Size Reduction,332.74263334546777,49.00246667807226,18.25589916548779,39.33207618468485,81.8633416259745,50.660011706639764,0.0,13.50486598509682,432.86187413693006,152.4994205544937,585.3612946914218,1.6
190,2160.0,Batch Size Reduction,357.74510002353964,25.009253529920564,32.5787218202513,18.14954963399429,114.37380369861967,23.745532590151644,0.0,9.14517991973629,504.6976255424106,76.04951567380279,580.747141216214,0.8
191,6480.0,Batch Size Reduction,358.75435355346053,74.35777831247474,0.0,56.05049883741334,58.439330593128034,73.70119981511276,0.0,16.35994330340953,417.19368414658857,220.46942026841037,637.6631044149981,2.5
192,3600.0,Batch Size Reduction,409.1121318659352,37.11597488539936,18.934523952015297,30.985662628308873,101.15486777993101,37.79400608173122,0.0,10.956890542077666,529.2015235978815,116.85253413751713,646.0540577353986,1.25
193,5040.0,Batch Size Reduction,422.22810675133405,51.98134132912992,0.0,40.60613246517208,96.28158664768307,61.20318667593572,0.0,13.022790090469778,518.5096933990171,166.8134505607075,685.3231439597257,1.85
194,2960.0,Batch Size Reduction,450.2094480804644,28.625687231751172,11.980445233421051,23.829870976443242,133.65490234717436,32.9828348927748,0.0,10.724672852218653,595.8447956610598,96.16306595318787,692.0078616142491,1.05
195,6880.0,Batch Size Reduction,454.83513531221615,72.0857393873245,0.0,59.06400771459878,71.29830634789141,77.74433117040596,0.0,17.27762174426844,526.1334416601076,226.17170001659767,752.3051416767048,2.75
196,4000.0,Batch Size Reduction,502.92087469954095,46.31182516741789,12.752182547179473,34.78447648720367,114.25816103109355,45.09929872394071,0.0,11.925137976306631,629.931218277814,138.1207383548689,768.0519566326839,1.45
197,1840.0,Batch Size Reduction,525.2326998669596,20.989804333710993,26.546854700673066,14.809665816772416,144.54779393826175,22.187921786887777,0.0,8.037480512024574,696.3273485058944,66.02487244939576,762.3522209552902,0.7
198,6160.0,Batch Size Reduction,522.2225042006703,73.20267754247973,0.0,53.14904592951851,81.74051277059698,70.04750992983978,0.0,16.835026944579855,603.9630169712673,213.23426034641787,817.1972773176858,2.3
199,3280.0,Batch Size Reduction,571.4251817431505,34.64279209401345,18.50625383550505,26.748731261011205,125.03929143942514,35.569616356911176,0.0,10.012556576785734,714.9707270180807,106.97369628872156,821.9444233068025,1.15
200,7520.0,Batch Size Reduction,582.0679738371637,84.75309248439129,0.0,73.39923338958582,47.71156701887776,80.45418427445941,0.0,18.128620279810956,629.7795408560414,256.7351304282475,886.5146712842889,3.25
201,2320.0,Batch Size Reduction,0.0,23.69747543911211,0.0,21.605170095013918,0.0,26.957735579437625,0.0,8.380251365451185,0.0,80.64063247901484,80.64063247901504,0.85
202,5200.0,Batch Size Reduction,0.0,57.11329814472805,0.0,39.63745606031749,0.0,58.46412143954882,0.0,15.626155195791284,0.0,170.84103084038566,170.84103084038543,1.95
203,3840.0,Batch Size Reduction,33.113298144728105,42.20027530173812,0.0,32.73283409353181,23.168468104597196,42.33559517268624,0.0,11.502481003868363,56.2817662493253,128.77118557182453,185.0529518211497,1.35
204,6640.0,Batch Size Reduction,51.31357344646676,69.7152886896948,0.0,57.942207978930384,0.0,77.00100778602429,0.0,17.132589048406974,51.31357344646676,221.79109350305643,273.10466694952447,2.65
205,1760.0,Batch Size Reduction,97.02886213616148,19.220735993332905,38.72147198559833,14.998787692501864,62.00222009352183,20.57779045241032,0.0,8.038108545201702,197.75255421528163,62.835422683446794,260.5879768987288,0.65
206,5640.0,Batch Size Reduction,92.24959812949419,58.14324295422555,0.0,45.06994654917318,33.08708072063564,62.39787931039597,0.0,14.120976859848543,125.33667885012983,179.73204567364326,305.0687245237732,2.05
207,2720.0,Batch Size Reduction,126.39284108371976,28.150297897351972,16.919648651821262,24.652175870781218,70.83278416025132,33.10342279079011,0.0,9.611316655191288,214.14527389579234,95.51721321411459,309.66248710990476,0.95
208,7280.0,Batch Size Reduction,130.54313898107102,82.32420793135793,0.0,61.69961621188313,1.48420733040075,83.1404012954876,0.0,18.38582390362063,132.02734631147177,245.5500493423493,377.57739565382144,3.05
209,4160.0,Batch Size Reduction,188.86734691242964,41.889619935123875,19.809996276759193,34.711691011405684,49.912917614483376,47.32186283797523,0.0,12.717942584767131,258.5902608036722,136.64111636927194,395.2313771729441,1.6
210,2080.0,Batch Size Reduction,206.75696684755349,22.19793611860726,32.323751169557,19.050055468023583,78.18472498443407,22.605071343199157,0.0,8.899368169405966,317.26544300154455,72.75243109923596,390.01787410078214,0.8
211,6400.0,Batch Size Reduction,204.95490296616117,65.37946884959028,0.0,57.01369979719872,29.770434318425032,67.26170186083446,0.0,15.119042128224471,234.7253372845862,204.77391263584792,439.4992499204345,2.5
212,3520.0,Batch Size Reduction,246.3343718157521,34.09699128744547,22.916708509752425,31.158012834239766,65.87412334502005,40.708506633281445,0.0,11.335048566127917,335.12520367052457,117.29855932109459,452.4237629916206,1.2
213,4960.0,Batch Size Reduction,256.43136310319824,56.446420134192046,0.0,43.29065375694169,60.920277431159775,58.20822112268527,0.0,13.181046517953334,317.351640534358,171.12634153177237,488.4779820661315,1.8
214,2880.0,Batch Size Reduction,288.87778323739076,32.32116809437091,10.96948566257015,26.047271753904397,93.08122679994085,31.32200501530919,0.0,11.17207233124331,392.92849569990176,100.86251719482782,493.79101289472965,1.05
215,6800.0,Batch Size Reduction,297.19895133176215,72.81810137307114,0.0,61.94466661438048,26.657221244271568,74.03664414964331,0.0,17.908149779736075,323.8561725760337,226.70756191683103,550.5637344928655,2.75
216,3920.0,Batch Size Reduction,346.017052704834,39.777092065225695,22.167574549155688,31.994966305263496,68.69889908865116,44.741293286829816,0.0,11.707685498069408,436.88352634264083,128.22103715538842,565.1045634980292,1.4
217,1864.0,Batch Size Reduction,361.7941447700596,20.04945811472793,34.11308273969007,15.152252985434302,98.28793939004754,20.90531380534675,0.0,7.223217716976393,494.1951668997972,63.33024262248537,557.5254095222826,0.7
218,7016.0,Batch Size Reduction,357.8436028847882,68.17134983116301,0.0,63.85786120602515,36.429377883328925,79.58754542795292,0.0,18.413954776192863,394.2729807681171,230.03071124133393,624.303692009451,2.85
219,4800.0,Batch Size Reduction,402.01495271595195,49.59285344846932,14.265007757554486,42.09713121697642,73.91979209430428,53.10206858375358,0.0,13.31997505316982,490.1997525678107,158.11202830236914,648.3117808701809,1.7
220,3360.0,Batch Size Reduction,427.6078061644221,37.02036935229686,19.341769622235006,28.584248626798047,98.43761205126066,40.418205402849644,0.0,9.887164860143145,545.3871878379177,115.9099882420877,661.2971760800046,1.15
221,6000.0,Batch Size Reduction,440.62817551671833,62.35162809953212,0.0,50.358317817311885,74.07188978629893,62.42914826715362,0.0,15.7769356624655,514.7000653030173,190.91602984646312,705.6160951494803,2.2
222,2560.0,Batch Size Reduction,478.97980361625014,24.750200247820565,25.608117569490787,20.179097957155477,116.32194009629711,28.738275883402192,0.0,9.141907527399026,620.909861282038,82.80948161577726,703.7193428978171,0.9
223,7304.0,Batch Size Reduction,479.7300038640715,77.20059668722537,0.0,65.61651820010842,48.03031661901332,84.24636139347912,0.0,19.058549970625176,527.7603204830848,246.12202625143806,773.8823467345228,3.05
224,4184.0,Batch Size Reduction,532.9306005512972,44.24512769804424,21.37139050206315,38.17988168803375,94.09679632445841,50.783744374615054,0.0,13.847262930273647,648.3987873778187,147.0560166909667,795.4548040687878,1.6
225,2104.0,Batch Size Reduction,553.1757282493418,21.436070425687916,38.115201764408994,18.761914589394113,126.1186261096791,22.260246063110706,0.0,8.741792988291358,717.4095561234299,71.20002406648409,788.6095801899173,0.8
226,6424.0,Batch Size Reduction,0.0,65.32135868677499,0.0,54.92709124570314,0.0,70.1451372665502,0.0,17.012419554790064,0.0,207.4060067538184,207.40600675381938,2.5
227,3544.0,Batch Size Reduction,41.321358686775056,35.95662776100888,18.970463484694847,29.8412407044126,40.30389656213811,43.181549516078654,0.0,10.719820106194243,100.59571873360801,119.6992380876944,220.29495682130255,1.2
228,4984.0,Batch Size Reduction,53.277986447783405,48.64395537076458,0.16774881834317057,43.34454059144545,40.14090548677086,59.233653116856615,0.0,13.990734526129728,93.58664075289744,165.21288360519637,258.79952435809355,1.8
229,2904.0,Batch Size Reduction,77.92194181854757,29.669259765365002,13.84302964442395,26.62263934968901,72.75191925393847,33.02861630398698,0.0,10.96670772683744,164.51689071690998,100.28722314587843,264.80411386278865,1.05
230,6824.0,Batch Size Reduction,83.59120158391306,67.57220599848362,0.0,55.78846446811585,22.88553408543885,69.628882671489,0.0,17.728892275809567,106.47673566935191,210.71844541389802,317.1951810832488,2.75
231,3944.0,Batch Size Reduction,127.16340758239676,40.83702308755633,14.951441380559118,36.73990754105018,55.774509215876606,40.95769615117604,0.0,12.100894559897874,197.88935817883248,130.63552133968042,328.52487951851435,1.4
232,1888.0,Batch Size Reduction,144.00043066995386,20.296221667444197,31.395127254165345,17.01307456348586,79.71913080356717,20.286016749908594,0.0,8.34573872639561,255.11468872768637,65.94105170723427,321.05574043492015,0.7
233,7040.0,Batch Size Reduction,140.29665233739797,73.01891282459397,0.0,61.985928765449856,13.408507781083244,81.9605271511269,0.0,18.1066840385944,153.70516011848122,235.07205277976513,388.77721289824694,2.85
234,4824.0,Batch Size Reduction,189.3155651619927,48.54076668798484,13.445162077463465,38.699660778379894,56.66937415382927,51.44370811667825,0.0,13.270639951738884,259.43010139328544,151.95477553478185,411.38487692806666,1.75
235,3384.0,Batch Size Reduction,213.85633184997823,36.55128163931247,15.593541216530866,28.360896311528986,79.75218595897786,40.44403935615247,0.0,10.439857391515698,309.20205902548696,115.79607469850963,424.99813372399876,1.15
236,6024.0,Batch Size Reduction,226.40761348929118,63.43958720045554,0.0,54.98736604656009,45.72370959617547,73.27820059188323,0.0,15.789887558685738,272.13132308546665,207.4950413975846,479.62636448305057,2.25
237,2584.0,Batch Size Reduction,265.8472006897464,29.76614013207887,25.221225914479874,23.906063302450512,95.0958468856079,27.48783848909646,0.0,9.514396107667373,386.16427348983416,90.67443803129322,476.8387115211299,0.9
238,7328.0,Batch Size Reduction,271.61334082182657,72.15564577622686,0.0,65.48823544227618,34.067093373130774,82.05926520056431,0.0,18.068430627557067,305.68043419495734,237.77157704662443,543.4520112415848,3.1
239,4208.0,Batch Size Reduction,319.76898659805374,45.94042776455543,19.54780767772172,38.31322026121904,77.81313831247826,48.23645975889785,0.0,12.252753329697699,417.1299325882537,144.74286111437002,561.8727937026197,1.6
240,2128.0,Batch Size Reduction,341.7094143626091,22.82683332419111,35.03419461474914,19.9542693286958,106.09532874267825,22.566771432921897,0.0,8.986348459158966,482.8389377200365,74.33422254496777,557.1731602650034,0.8
241,6448.0,Batch Size Reduction,340.53624768679947,71.82914914504299,0.0,57.3202071077294,54.501207866273035,74.28988054573946,0.0,17.315992500998316,395.0374555530725,220.75522929951018,615.7926848525822,2.5
242,3568.0,Batch Size Reduction,388.3653968318431,36.84119607279813,20.479011034931318,29.14893871200198,99.64214970001194,41.76549271883919,0.0,11.926246936427733,508.48655756678636,119.68187444006702,628.1684320068525,1.2
243,5008.0,Batch Size Reduction,401.2065929046403,53.17387318485236,0.0,47.55580097476395,90.30591800616457,57.522492325804514,0.0,14.069353437395584,491.51251091080485,172.3215199228164,663.8340308336228,1.8
244,2928.0,Batch Size Reduction,430.380466089493,29.216165634456207,18.339635340307723,25.28713774391215,122.54127258805602,33.570957638346634,0.0,10.794462841993017,571.2613740178567,98.868723858708,670.1300978765648,1.05
245,6848.0,Batch Size Reduction,435.59663172395085,66.36229343768125,0.0,56.42743843860364,76.94927143433597,77.21424763112219,0.0,16.4959962049271,512.5459031582868,216.4999757123342,729.0458788706237,2.75
246,3968.0,Batch Size Reduction,477.95892516163076,43.23143414358245,13.196004295023158,32.95490529273812,121.20861377272013,47.394823614519126,0.0,11.666554188246721,612.363543229374,135.2477172390864,747.6112604684604,1.4
247,1912.0,Batch Size Reduction,497.19035930521204,19.496329593838922,26.654579993923107,16.865305110772184,151.73813227646679,22.131878950119145,0.0,7.89460173120485,675.5830715756019,66.3881153859351,741.9711869615385,0.7
248,7064.0,Batch Size Reduction,492.68668889905166,71.68431036756834,0.0,59.81074449631863,85.89484146739778,85.6825441752755,0.0,17.567839866823046,578.5815303664494,234.7454389059855,813.3269692724352,2.85
249,4848.0,Batch Size Reduction,540.370999266619,48.98841103834602,10.822333457970672,45.215493558115845,126.36189208455835,55.450713970512744,0.0,13.497882320466738,677.5552248091481,163.15250088744136,840.7077256965895,1.75
250,3408.0,Batch Size Reduction,565.3594103049654,34.60948508641953,21.428341929666203,28.42574329347707,153.3868627615957,33.28855084832631,0.0,10.378313199118274,740.1746149962273,106.7020924273412,846.8767074235693,1.15
251,6048.0,Batch Size Reduction,0.0,59.675249397889985,0.0,53.31034068243224,0.0,72.10932984259954,0.0,17.07656278402516,0.0,202.1714827069469,202.17148270694815,2.25
252,2608.0,Batch Size Reduction,35.675249397889274,27.477918804050677,25.832421878381865,23.44930809972057,48.6600217428786,29.03819079341547,0.0,10.60613212420852,110.16769301914974,90.57154982139524,200.73924284054738,0.9
253,7352.0,Batch Size Reduction,39.1531682019413,78.10961398592234,0.0,66.99906702958704,0.0,82.46729360684493,0.0,18.609758860147107,39.1531682019413,246.1857334825014,285.33890168444486,3.1
254,4232.0,Batch Size Reduction,93.2627821878632,42.731851547503474,24.267215482086613,35.70642923935582,46.760864367490285,46.369677339268634,0.0,12.524405327635177,164.2908620374401,137.3323634537631,301.6232254912029,1.6
255,2152.0,Batch Size Reduction,111.99463373536491,21.14065376456969,38.83299095687107,19.835746914407693,73.29479479235306,22.870812575119615,0.0,9.29843883827475,224.12241948458905,73.14565209237175,297.2680715769602,0.8
256,6472.0,Batch Size Reduction,109.13528749993566,67.90700440348162,0.0,56.79615723033626,30.13118360493172,76.54432130593152,0.0,16.581735677788554,139.26647110486738,217.82921861753795,357.0956897224023,2.5
257,3592.0,Batch Size Reduction,153.0422919034172,37.10437329417006,19.691783936166757,31.491617043544878,75.1838878673152,38.27333962764836,0.0,12.322780909299489,247.91796370689917,119.1921108746628,367.1100745815638,1.25
258,5032.0,Batch Size Reduction,166.14666519758612,54.459927696754164,0.0,46.45833952759601,63.72236125032941,56.505224070519425,0.0,13.714660436584811,229.86902644791553,171.1381517314544,401.00717817936675,1.85
259,2952.0,Batch Size Reduction,196.60659289433897,32.33608374907711,14.122255778518593,25.352670466868545,94.87491485397913,33.300586883335335,0.0,9.87295652223527,305.6037635268367,100.86229762151626,406.4660611483523,1.05
260,6872.0,Batch Size Reduction,204.94267664341533,79.1499835890987,0.0,63.16589916094968,25.33454523265391,75.4781604637577,0.0,16.57304465359804,230.27722187606923,234.36708786740414,464.64430974347124,2.75
261,3992.0,Batch Size Reduction,260.09266023251257,41.61149465274522,21.554404508206062,35.787182651143645,65.02552304526762,43.17243055044184,0.0,12.867746656595054,346.67258778598625,133.43885451092575,480.1114422969149,1.45
262,1936.0,Batch Size Reduction,277.7041548852576,19.925712800763947,37.415874358586734,14.745259472121582,93.45269412358903,20.94158191901418,0.0,7.9961563463028345,408.57272336743335,63.60871053820254,472.18143390563637,0.7
263,7088.0,Batch Size Reduction,273.6298676860206,65.59351101137241,0.0,56.01251596149406,44.949382900445926,68.12915152368713,0.0,15.53679940436993,318.5792505864665,205.27197790092353,523.8512284873905,2.3
264,4872.0,Batch Size Reduction,315.22337869739204,34.326069612724915,21.686446348769095,27.566712480708585,85.51182194342618,39.12542354512445,0.0,10.225198595527607,422.4216469895873,111.24340423408555,533.6650512236702,1.15
265,3432.0,Batch Size Reduction,325.54944831011744,79.4220142203248,0.0,70.78604096595238,23.682349131751835,92.95740368366539,0.0,18.505369524944054,349.2317974418693,261.67082839488666,610.9026258367521,3.25
266,6072.0,Batch Size Reduction,380.9714625304405,23.101954311290513,47.68408665466268,22.0078085553777,94.63194426003975,27.554405980077362,0.0,8.286078960900074,523.2874934451429,80.95024780764565,604.2377412527858,0.85
267,2632.0,Batch Size Reduction,380.07341684172934,56.58977814846794,13.102117061571334,47.527205025035094,74.65914521508239,58.47228705132994,0.0,15.046633452016335,467.83467911838306,177.6359036768493,645.4705827952312,1.95
268,7376.0,Batch Size Reduction,412.66319499019664,38.26591703862538,22.36340504798136,31.741434965030603,101.38999730137948,44.96589058345551,0.0,11.604645809446351,536.4165973395575,126.57788839655784,662.9944857361152,1.35
269,4256.0,Batch Size Reduction,426.9291120288217,75.90259262552475,0.0,62.62036358110558,61.93777169121677,73.72090025994002,0.0,17.692917762074355,488.86688372003846,229.93677422864474,718.8036579486834,2.65
270,2176.0,Batch Size Reduction,478.83170465434523,19.51863821242938,43.10172536867685,14.95039028140358,120.7082816697548,21.450185957194755,0.0,7.625613683529181,642.6417116927769,63.544828134556894,706.186539827333,0.65
271,6496.0,Batch Size Reduction,474.35034286677546,59.716444448656006,0.0,47.621715639904636,92.87242318846984,55.3031937337909,0.0,14.053849882079778,567.2227660552453,176.69520370443132,743.9179697596737,2.05
272,3616.0,Batch Size Reduction,510.0667873154307,32.16656325803137,15.455152381873631,22.52094925145993,125.65466767080216,30.166374437756254,0.0,9.584296706885818,651.1766073681065,94.43818365413338,745.6147910222353,0.95
273,5056.0,Batch Size Reduction,518.2333505734605,74.68347603397511,0.0,59.3040240462314,59.80964366168337,73.76901981294648,0.0,18.506626064562216,578.0429942351439,226.2631459577152,804.3061401928571,3.05
274,2976.0,Batch Size Reduction,568.9168266074339,45.88910951057542,13.414914535656862,35.83891504730252,97.73974842732787,48.34069561882158,0.0,11.45622495503971,680.0714895704186,141.52494513173923,821.5964347021581,1.6
275,6896.0,Batch Size Reduction,590.8059361180094,21.885098538111222,27.368731044847664,19.189007567888606,126.89143647826131,23.52774801642645,0.0,8.234361374205642,745.0661036411184,72.83621549663194,817.9023191377491,0.8
276,4016.0,Batch Size Reduction,0.0,65.43385579933874,0.0,53.893674286584115,0.0,70.54480209799665,0.0,17.0878401428868,0.0,206.96017232680632,206.96017232680606,2.5
277,1856.0,Batch Size Reduction,41.43385579933965,36.79449199143729,17.09918229514733,30.29230070260509,40.252501395392756,38.526078134421624,0.0,11.79836575056439,98.78553948987974,117.41123657902838,216.19677606890764,1.2
278,6176.0,Batch Size Reduction,54.22834779077675,51.65693356227137,0.0,41.11925181453403,33.39387715076373,54.40083345998577,0.0,12.943620856820827,87.62222494154048,160.120639693612,247.7428646351509,1.8
279,3296.0,Batch Size Reduction,81.8852813530466,30.490893191934614,10.62835862259817,25.71513712109322,62.07957348965647,31.96907835464252,0.0,10.67208459451159,154.59321346530123,98.84719326218195,253.44040672748451,1.05
280,7536.0,Batch Size Reduction,88.37617454498104,75.21111958788481,0.0,60.216665219727126,0.0,76.25969893046367,0.0,17.10130578498229,88.37617454498104,228.78878952305791,317.1649640680371,2.75
281,2336.0,Batch Size Reduction,139.5872941328671,39.65902974561863,20.557635474109702,35.845776137083085,40.413922793377424,43.76206101820735,0.0,12.222179111920655,200.55885240035423,131.48904601282973,332.0478984131805,1.4
282,5216.0,Batch Size Reduction,155.24632387848396,17.998403170497806,38.40500844069538,16.686349748646457,67.48963406293842,20.56045519956192,0.0,7.949283210303183,261.14096638211777,63.19449132900936,324.33545771112404,0.7
283,3856.0,Batch Size Reduction,149.2447270489829,69.23543438631341,0.0,58.034187275704,15.871825789821742,71.34749548412769,0.0,16.335149374300567,165.11655283880464,214.95226652044568,380.0688193592505,2.85
284,6656.0,Batch Size Reduction,194.48016143529458,52.514163711546246,5.52002356416051,42.20073035813016,45.01859091582082,58.55556630253035,0.0,13.316369629055453,245.0187759152759,166.5868300012622,411.60560591653484,1.7
285,1776.0,Batch Size Reduction,222.9943251468394,35.72772996979219,11.993023952498334,30.457860950849323,73.11629626750073,41.77832950390106,0.0,9.98667137731364,308.10364536683846,117.95059180185622,426.054237168697,1.15
286,5656.0,Batch Size Reduction,234.72205511663196,61.25107494864187,0.0,55.93518277846792,40.1592529476402,67.49219482899575,0.0,12.409372410140904,274.88130806427216,197.08782496624644,471.9691330305177,2.2
287,2736.0,Batch Size Reduction,271.97313006527474,26.754042325753677,29.181140452714317,22.288131397067584,85.36331637956755,28.059742871867527,0.0,9.571475660710835,386.5175868975566,86.67339225539962,473.1909791529579,0.9
288,7296.0,Batch Size Reduction,274.7271723910271,74.22206194260478,0.0,57.20603060116085,33.46423855745161,90.74764795749377,0.0,18.413453643605706,308.19141094847873,240.58919414486508,548.7806050933468,3.05
289,4176.0,Batch Size Reduction,324.94923433363147,43.31654049293393,13.88949010822762,36.3829665807623,87.82891993418525,46.312925632722184,0.0,13.04990604813508,426.66764437604434,139.06233875455348,565.7299831305972,1.6
290,2096.0,Batch Size Reduction,344.2657748265665,22.755766373396128,27.516690315591404,19.40444867114186,114.73739689576541,24.256055773474532,0.0,9.155722978990008,486.5198620379233,75.57199379700253,562.0918558349294,0.8
291,6416.0,Batch Size Reduction,343.0215411999634,65.3730097397597,0.0,53.631183032591245,66.91039888362502,78.10026169797456,0.0,15.543832651042099,409.9319400835884,212.6482871213676,622.580227204955,2.5
292,3536.0,Batch Size Reduction,384.39455093972356,35.84209739876518,17.78908563382356,31.350330445909393,113.66033013569177,39.51625999998948,0.0,11.201320177422259,515.8439667092389,117.9100080220863,633.753974731324,1.2
293,4976.0,Batch Size Reduction,396.23664833849034,47.08246054682459,2.056955532905704,46.362299782420614,106.81429035326073,53.95069063452793,0.0,14.636496609026375,505.1078942246568,162.03194757279954,667.139841797456,1.8
294,2896.0,Batch Size Reduction,419.3191088853164,29.76634617920707,18.65290913611898,25.236923458369652,135.5280575294164,33.33340597119112,0.0,10.422401320185152,573.5000755508518,98.759076928953,672.2591524798081,1.05
295,6816.0,Batch Size Reduction,425.08545506452356,68.44477647203867,0.0,66.17418834636769,78.13233127669082,83.8887404871885,0.0,17.969673808983483,503.2177863412144,236.47737911457835,739.6951654557961,2.75
296,3936.0,Batch Size Reduction,469.5302315365625,46.229861220318426,19.944327126049757,35.16083054178463,126.8602412220971,39.7228311073795,0.0,10.900786679408162,616.3347998847094,132.0143095488907,748.3491094335986,1.4
297,1880.0,Batch Size Reduction,491.76009275688193,19.120922363881128,35.98423530395303,16.942659551492397,149.64041277798242,20.65995490620271,0.0,7.769053206013223,677.3847408388174,64.49259002758946,741.8773308664022,0.7
298,7032.0,Batch Size Reduction,486.88101512076173,76.71205450350388,0.0,60.4076214960311,86.10758654009624,80.45539841845232,0.0,18.22353218545731,572.988601660858,235.79860660344463,808.7872082643007,2.85
299,4816.0,Batch Size Reduction,539.5930696242649,48.89962177487877,11.507999721150554,40.094494689656045,126.46849026889322,49.327195164511075,0.0,14.081655507616304,677.5695596143087,152.4029671366622,829.9725267509712,1.75
300,3376.0,Batch Size Reduction,564.492691399144,36.50558128431149,15.096913126493746,31.370983571639705,144.42470186176433,34.57863641569432,0.0,9.76474135009639,724.014306387402,112.2199426217419,836.2342490091469,1.15
301,6016.0,Batch Size Reduction,0.0,63.43532127794583,0.0,54.57652020534328,0.0,69.2833250974236,0.0,15.937855142311433,0.0,203.23302172302414,203.23302172302647,2.25
302,2576.0,Batch Size Reduction,39.43532127794606,29.398402187944686,25.178118017400266,21.822333142523668,47.46099195490024,28.765774305269044,0.0,9.136927432038208,112.07443125024656,89.12343706777561,201.19786831802412,0.9
303,7320.0,Batch Size Reduction,44.833723465890216,74.56735666148941,0.0,66.56551869572553,0.0,82.7212088464532,0.0,19.809075912000498,44.833723465890216,243.66316011566866,288.49688358156345,3.1
304,4200.0,Batch Size Reduction,95.40108012737983,43.45219313493895,23.113325560789235,35.88630753370945,46.83490131274448,48.43319332672672,0.0,13.37220042878536,165.34930700091354,141.1438944241605,306.4932014250735,1.6
305,2120.0,Batch Size Reduction,114.85327326231709,20.759625241030747,38.24000785347016,17.268023396197304,78.00007124327385,21.141204735426438,0.0,8.211090793036593,231.0933523590611,67.37994416569109,298.4732965247531,0.8
306,6440.0,Batch Size Reduction,111.61289850334651,67.47042718840291,0.0,57.210194346192125,29.968685693773295,74.70347877134093,0.0,15.42067014279234,141.5815841971198,214.8047704487283,356.3863546458524,2.5
307,3560.0,Batch Size Reduction,155.08332569175036,39.39496897251857,17.815225373673456,30.38586755489463,74.2862969102207,43.83737728053036,0.0,12.30273949497224,247.18484797564452,125.9209533029158,373.10580127856156,1.2
308,5000.0,Batch Size Reduction,170.47829466426992,48.22457615409398,0.0,43.466271119109095,74.63391984611735,60.499797276923836,0.0,13.753233391365923,245.11221451038728,165.94387794149281,411.0560924518795,1.8
309,2920.0,Batch Size Reduction,194.70287081836432,31.002761508136548,12.463509610970505,25.38750235475521,109.74621476828543,34.68008839239722,0.0,10.642325270520724,316.91259519762025,101.71267752580971,418.6252727234314,1.05
310,6840.0,Batch Size Reduction,201.70563232650238,74.46365962685704,0.0,58.84134903653572,48.97230646301614,72.06797809693674,0.0,16.15880913065468,250.67793878951852,221.53179589098417,472.20973468050215,2.75
311,3960.0,Batch Size Reduction,252.1692919533598,41.3298424613605,17.51150657517428,35.590368212229514,85.44991634772305,40.89199143434512,0.0,11.856184739598135,355.1307148762571,129.66838684753327,484.79910172379095,1.4
312,1904.0,Batch Size Reduction,269.4991344147202,19.502548479203156,33.59932630820185,17.14955375660787,109.1923540254611,21.429695442948027,0.0,8.307285640780448,412.2908147483831,66.38908331953951,478.6798980679232,0.7
313,7056.0,Batch Size Reduction,265.0016828939224,68.0046028749238,0.0,59.997398970941326,53.36892768735561,78.91339097457279,0.0,18.988038522152987,318.370610581278,225.9034313425909,544.2740419238653,2.85
314,4840.0,Batch Size Reduction,309.0062857688463,53.19005537007058,6.807343600870809,41.281387841461026,91.00093082046806,54.15203786530863,0.0,14.064742338492577,406.81456019018515,162.6882234153328,569.5027836055124,1.75
315,3400.0,Batch Size Reduction,338.19634113891516,37.34344692080017,10.745284521530266,28.592640288174312,116.56032839760155,35.4849994902006,0.0,10.609006492929858,465.501954058047,112.03009319210494,577.5320472501517,1.15
316,6040.0,Batch Size Reduction,351.53978805971565,63.93885194642751,0.0,53.762335349021775,73.68206540205574,77.67172465989488,0.0,14.714453404885894,425.2218534617714,210.08736536023005,635.3092188220035,2.25
317,2600.0,Batch Size Reduction,391.4786400061421,28.615456719648037,25.14687862937717,21.107979335182257,130.2458107267703,28.270518985688046,0.0,9.754884948859315,546.8713293622895,87.74883998937766,634.6201693516668,0.9
318,7344.0,Batch Size Reduction,396.0940967257884,80.4686316020522,0.0,66.8245743156194,57.47798175934804,83.50567022322109,0.0,18.798803631133715,453.57207848513644,249.5976797720264,703.1697582571614,3.1
319,4224.0,Batch Size Reduction,452.5627283278409,42.08537315259158,24.739201163025427,35.32679171256964,105.65686026999902,45.56336057212865,0.0,11.876002550306872,582.9587897608653,134.85152798759674,717.8103177484627,1.6
320,2144.0,Batch Size Reduction,470.648101480434,22.391092224610105,37.674900650985364,19.67442105304373,131.54579978908077,24.92162862924823,0.0,8.55094534026093,639.8688019205001,75.53808724716299,715.4068891676616,0.8
321,6464.0,Batch Size Reduction,469.03919370504445,67.83525006591185,0.0,56.56554965290964,89.41595040353423,67.36778223352371,0.0,16.119722208421113,558.4551441085787,207.8883041607663,766.3434482693483,2.5
322,3584.0,Batch Size Reduction,512.8744437709574,39.06753079905097,17.49801885386114,30.866772712016047,125.91695992504174,41.17113981348984,0.0,10.333858479319634,656.2894225498603,121.43930180387649,777.7287243537357,1.25
323,5024.0,Batch Size Reduction,527.941974570007,51.267808385934984,0.0,47.74260042587511,116.44248249259908,55.66342545871907,0.0,14.335349555324548,644.3844570626061,169.0091838258537,813.3936408884583,1.85
324,2944.0,Batch Size Reduction,555.2097829559425,30.4644909174733,17.27810950839921,23.45300749419073,148.65290045712754,36.42630607019564,0.0,10.483859238200216,721.1407929214693,100.82766372005989,821.9684566415308,1.05
325,6864.0,Batch Size Reduction,561.6742738734174,66.87542850379718,0.0,57.607475617441345,101.32741940867345,79.8020816013572,0.0,18.310782098325536,663.0016932820909,222.59576782092128,885.5974611030106,2.75
326,3984.0,Batch Size Reduction,0.0,39.03260595004443,0.0,32.46838711382643,0.0,48.15422964470273,0.0,11.411844748796442,0.0,131.06706745737003,131.06706745737029,1.45
327,1928.0,Batch Size Reduction,15.032605950043944,18.834065740288004,13.634321373538114,15.505731651298763,32.648497993406636,18.669515458177514,0.0,7.666552173131246,61.315425316988694,60.67586502289553,121.99129033987992,0.7
328,7080.0,Batch Size Reduction,9.866671690331714,59.725916327141185,0.0,54.89252161359089,0.0,68.75201020802125,0.0,15.838565019380482,9.866671690331714,199.20901316813382,209.07568485846423,2.3
329,4864.0,Batch Size Reduction,45.592588017472735,34.64444689049661,20.24807472309476,29.676885201619275,39.07512500640223,37.148337261764624,0.0,10.734492713340895,104.91578774696973,112.2041620672214,217.11994981419048,1.15
330,3424.0,Batch Size Reduction,56.23703490796834,77.89845753175405,0.0,62.76373032784833,0.0,86.12339600558116,0.0,18.395837160346442,56.23703490796834,245.18142102552997,301.4184559335008,3.25
331,6064.0,Batch Size Reduction,110.13549243972375,24.540228273072284,38.22350205477778,21.865265741988594,64.25813026359174,26.238870826035903,0.0,8.825763507927498,212.61712475809327,81.4701283490243,294.08725310711816,0.85
332,2624.0,Batch Size Reduction,110.67572071279574,57.86753574728042,2.2212320494836604,45.98138533506071,44.51561575456799,56.162301198040645,0.0,14.420850997029092,157.4125685168474,174.43207327741084,331.8446417942614,1.95
333,7368.0,Batch Size Reduction,144.54325646007783,39.84816173176702,8.354455652777688,32.61147100432784,68.06644594827958,44.712836662201205,0.0,13.182176289721378,220.9641580611351,130.35464568801746,351.3188037491527,1.35
334,4248.0,Batch Size Reduction,160.39141819184442,71.19289650609691,0.0,60.371209831180295,22.181102930309862,73.37508200024392,0.0,17.384033358308944,182.57252112215428,222.3232216958301,404.8957428179856,2.65
335,2168.0,Batch Size Reduction,207.58431469794232,16.517560756416625,43.85364907476469,15.325189914621388,80.23099501593242,18.51534112923579,0.0,8.56865019552712,331.66895878863943,58.92674199580092,390.5957007844372,0.65
336,6488.0,Batch Size Reduction,200.10187545435838,52.869411031479366,6.309427957905427,49.33478421760401,49.41155192756196,66.47356811934672,0.0,14.576204077294875,255.82285533982576,183.25396744572495,439.07682278554785,2.05
337,3608.0,Batch Size Reduction,228.97128648583748,28.801532726522993,26.84267944898602,25.070377220578422,90.81474282632917,32.73640196313119,0.0,9.599889516036358,346.62870876115267,96.20820142626896,442.8369101874232,0.95
338,5048.0,Batch Size Reduction,233.77281921236136,74.97057552973932,0.0,66.45353145521145,34.04009447407225,88.31550474760569,0.0,18.549304347338374,267.8129136864336,248.28891607989482,516.1018297663322,3.05
339,2968.0,Batch Size Reduction,284.7433947421014,40.943167902567076,25.510363552646595,34.560616753481845,87.7949824681964,47.57458364370561,0.0,13.22616992439933,398.04874076294436,136.30453822415387,534.3532789870987,1.6
340,6888.0,Batch Size Reduction,301.686562644667,22.664414944697455,37.406565361430694,16.612949673062953,118.75661643883723,24.13084496860109,0.0,8.386599405206049,457.8497444449349,71.79480899156755,529.6445534365048,0.8
341,4008.0,Batch Size Reduction,300.35097758936536,65.24350471859283,0.0,60.144908753498854,71.51856296983897,71.85155651359406,0.0,16.598227457568452,371.8695405592043,213.8381974432542,585.7077380024602,2.5
342,1848.0,Batch Size Reduction,341.59448230795897,39.06289931466242,21.082009438836394,30.25179624728643,113.11832323614726,38.367847873455325,0.0,11.475625390597834,475.7948149829426,119.158168826002,594.9529838089438,1.2
343,6168.0,Batch Size Reduction,356.6573816226228,47.86391590884535,3.4698897772759665,40.79823328173573,110.68793782786452,57.70054538463652,0.0,14.380697873432679,470.81520922776326,160.74339244865027,631.5586016764137,1.8
344,3288.0,Batch Size Reduction,380.521297531468,30.259135730687877,14.00898732832502,25.251856961439447,143.13662625106008,31.536050208162738,0.0,11.093193206142189,537.6669111108531,98.14023610643225,635.8071472172887,1.05
345,7528.0,Batch Size Reduction,386.7804332621563,73.52471182717511,0.0,58.697174804916614,81.71163411689486,66.00253549766674,0.0,18.032840913846705,468.49206737905115,216.25726304360518,684.7493304226591,2.75
346,2328.0,Batch Size Reduction,436.30514508933265,39.737433213698374,18.959741591221245,34.54311777814359,113.17105183641979,50.57592313184239,0.0,12.146097120959299,568.4359385169737,137.00257124464366,705.4385097616141,1.4
347,5208.0,Batch Size Reduction,452.0425783030296,18.00407285148974,35.49878651787367,17.330679566082736,146.41629540217764,22.719223728529627,0.0,8.72250118646507,633.9576602230809,66.77647733256717,700.7341375556498,0.7
348,3848.0,Batch Size Reduction,446.0466511545201,73.76954316540417,0.0,58.51254918869661,89.6828928605646,77.46811236406164,0.0,17.98409171207048,535.7295440150847,227.73429643023292,763.463840445318,2.85
349,6648.0,Batch Size Reduction,495.81619431992294,52.969401811108064,5.543147377589776,40.75131874080057,126.39968648382637,52.049428925069144,0.0,14.158528037829582,627.7590281813391,159.92867751480736,787.6877056961457,1.7
350,1768.0,Batch Size Reduction,524.7855961310306,33.60004153792038,12.694424580469786,30.661073328095757,147.78804208079964,37.8365025955915,0.0,11.351560927566068,685.2680627923,113.44917838917371,798.7172411814718,1.15
1,6833.6,Combined Improvement,0.0,73.65685634606173,0.0,50.094746688593744,0.0,53.09874342828141,0.0,14.242219571249846,0.0,191.09256603418675,191.09256603418675,1.42
2,2568.0,Combined Improvement,49.65685634606173,25.703277981874454,24.391468706719294,17.37256400204476,35.726179426236655,25.218613450553818,0.0,9.172684721849803,109.77450447901768,77.46714015632284,187.24164463534052,2.15
3,5120.0,Combined Improvement,48.36013432793618,54.30102856955788,0.0,37.56080985258912,10.846987163407533,47.947400839743736,0.0,17.18089363451092,59.20712149134371,156.99013289640166,216.19725438774537,0.88
4,7296.0,Combined Improvement,75.66116289749405,80.31134365174204,0.0,52.83243259546588,0.0,64.1699074247069,0.0,19.848079274863352,75.66116289749405,217.16176294677817,292.8229258442723,3.1
5,3600.0,Combined Improvement,138.97250654923607,35.16349992193809,17.66893267352782,25.032114521067253,39.137792903639706,32.37638419532075,0.0,12.259762070645063,195.7792321264036,104.83176070897116,300.6109928353747,1.75
6,2240.0,Combined Improvement,157.13600647117414,20.880714124096666,21.820333070498407,15.99688216682478,55.517294932135655,22.386809317652826,0.0,8.762092467481137,234.4736344738082,68.0264980760554,302.50013254986357,1.2
7,5840.0,Combined Improvement,155.01672059527078,66.57426601620281,0.0,42.43920575002625,6.707847720882626,52.04662194081084,0.0,16.678050658545946,161.7245683161534,177.73814436558584,339.4627126817392,2.45
8,4080.0,Combined Improvement,198.59098661147357,38.97962174251142,3.4595840075148203,28.057668559057785,30.696801102635675,36.91008324022756,0.0,12.681421531072152,232.74737172162406,116.62879507286891,349.376166794493,0.95
9,3120.0,Combined Improvement,213.570608353985,31.09154807799289,0.4257044885796972,19.27838900151385,48.32849534134937,28.081847686189942,0.0,10.980672533802622,262.32480818391406,89.4324572994993,351.75726548341333,1.8
10,7040.0,Combined Improvement,217.6621564319779,68.56569735999608,0.0,47.021956349860616,0.0,62.5782176498811,0.0,19.66280730204073,217.6621564319779,197.82867866177853,415.49083509375646,2.9
11,4880.0,Combined Improvement,260.227853791974,54.301680510361635,0.0,33.50512885142593,21.79336463795414,40.38601802799627,0.0,12.943401761835055,282.0212184299281,141.1362291516189,423.1574475815471,1.35
12,3360.0,Combined Improvement,291.5295343023356,29.382409724038208,4.122719127387768,23.61342836056848,38.56595430538198,30.44010920826337,0.0,10.239223666381976,334.21820773510535,93.67517095925203,427.89337869435747,2.05
13,6080.0,Combined Improvement,293.9119440263738,63.76637485063524,0.0,47.160627433234225,0.0,50.15370097035967,0.0,15.579292210080872,293.9119440263738,176.65999546431,470.5719394906838,1.15
14,1920.0,Combined Improvement,332.678318877009,19.058900248703008,28.101727184531228,14.633816606245617,35.51988436411398,17.731934794240228,0.0,7.9471384674218974,396.2999304256542,59.371790116610754,455.6717205422651,0.7
15,7600.0,Combined Improvement,325.73721912571204,78.40583133412576,0.0,56.761748166357656,0.0,66.16324383230618,0.0,18.97348606717818,325.73721912571204,220.30430939996776,546.0415285256798,3.3
16,2480.0,Combined Improvement,378.1430504598378,24.700381910664746,32.06136625569286,17.210630993974,48.95261283833224,23.4175003387546,0.0,9.378974645949716,459.1570295538629,74.70748788934306,533.864517443206,1.1
17,4640.0,Combined Improvement,376.84343237050257,49.1367496736146,0.13524757605216564,30.199543011763794,42.170570165323056,42.86945182880054,0.0,12.495099231593798,419.1492501118778,134.70084374577274,553.8500938576506,1.9
18,6560.0,Combined Improvement,398.9801820441172,65.70708107909427,0.0,46.41982152899954,3.247909973845708,65.63106413755872,0.0,17.918100895970934,402.2280920179629,195.67606764162346,597.9041596595864,2.6
19,3280.0,Combined Improvement,439.68726312321144,33.182877968974616,13.236943560024997,21.08054682515338,47.79842728625101,28.43304809937131,0.0,9.960144404379156,500.72263396948745,92.65661729787846,593.3792512673658,1.25
20,5360.0,Combined Improvement,447.87014109218603,58.55599282944505,0.0,40.43980516565644,11.553167775699194,48.72115561179184,0.0,12.227144743439473,459.4233088678852,159.94409835033284,619.3674072182182,2.1
21,2320.0,Combined Improvement,481.42613392163105,22.41568590830236,18.024119257354073,16.002034634167305,44.27228875332389,21.75266069519447,0.0,8.629831300259603,543.722541932309,68.80021253792374,612.5227544702327,0.85
22,7440.0,Combined Improvement,478.84181982993346,86.77549179092024,0.0,54.4030453248702,0.0,67.1681270139601,0.0,19.237707314550626,478.84181982993346,227.58437144430115,706.4261912742347,3.2
23,4320.0,Combined Improvement,540.6173116208538,44.50331493310032,9.899730391769936,31.3213264693721,35.84680054458818,37.715414738356536,0.0,12.81775800461373,586.3638425572119,126.35781414544269,712.7216567026544,1.5
24,2880.0,Combined Improvement,560.120626553954,29.891382875141275,11.329673986000671,19.80990467051033,53.75231061243426,28.463684926376487,0.0,9.223079569723161,625.202611152389,87.38805204175125,712.5906631941405,1.05
25,6240.0,Combined Improvement,565.0120094290953,67.24784360747059,0.0,42.72871271810977,3.379017869741574,57.13783207952517,0.0,16.96877314005476,568.3910272988369,184.0831615451603,752.4741888439971,2.35
26,3920.0,Combined Improvement,0.0,42.88704451476557,0.0,27.478486301701167,0.0,36.08277000527793,0.0,12.571681053477542,0.0,119.0199818752222,119.01998187522236,1.4
27,1760.0,Combined Improvement,20.88704451476565,19.825640729630962,7.652845572070191,12.653271062337991,23.429498942939972,16.77788058893176,0.0,8.499694572106444,51.96938902977581,57.75648695300716,109.72587598278301,0.65
28,6960.0,Combined Improvement,14.712685244396653,68.81240262063172,0.0,45.02896700352097,0.0,65.25113118631599,0.0,16.265686326916285,14.712685244396653,195.35818713738496,210.07087238178156,2.8
29,4800.0,Combined Improvement,59.525087865028354,48.68997618773179,0.0,30.705242937602176,30.88487906450291,43.87062893651099,0.0,13.801864128550148,90.40996692953127,137.0677121903951,227.47767911992628,1.7
30,3440.0,Combined Improvement,85.21506405276023,34.346249689370126,0.0,24.833080230259995,46.28142101898584,28.16480963348342,0.0,10.82981279632677,131.49648507174606,98.1739523494403,229.6704374211863,1.15
31,6000.0,Combined Improvement,94.56131374213032,63.6574380797225,0.0,39.584193368455516,0.0,54.143944232432275,0.0,14.985468157071075,94.56131374213032,172.37104383768138,266.93235757981165,2.2
32,2640.0,Combined Improvement,133.21875182185272,26.599939728374295,12.984253640081306,18.135503703311297,36.00844052912089,22.70698446763963,0.0,10.049793417440748,182.21144599105492,77.49222131676598,259.70366730782075,0.95
33,7280.0,Combined Improvement,134.81869155022696,74.33558395528826,0.0,50.581463744560914,0.0,59.02023646264306,0.0,18.81892781370392,134.81869155022696,202.75621197619614,337.5749035264232,3.05
34,4160.0,Combined Improvement,184.15427550551522,41.54347885088408,9.037984893676821,29.505229767288593,29.515006695354487,36.68036683116691,0.0,13.495159952335442,222.70726709454652,121.22423540167502,343.93150249622136,1.6
35,2160.0,Combined Improvement,202.6977543563994,21.834708949745647,16.708505711219686,14.830881950133824,51.364491576387536,21.444828509295775,0.0,8.943315761255779,270.7707516440066,67.05373517043103,337.8244868144375,0.8
36,6400.0,Combined Improvement,200.53246330614502,71.11621139829587,0.0,43.52663485133385,0.0,56.87937006096794,0.0,16.985380619695327,200.53246330614502,188.507596930293,389.04006023643797,2.5
37,3680.0,Combined Improvement,245.64867470444096,39.41309092244597,4.113543928888021,25.031020143117363,31.848349917850555,32.9935434695173,0.0,11.912408262885727,281.61056855117954,109.35006279796636,390.96063134914584,1.3
38,5040.0,Combined Improvement,261.0617656268869,52.92006753915996,0.0,36.18676247298283,4.8796274472301775,45.923239068702365,0.0,13.992760834480954,265.94139307411706,149.0228299153261,414.96422298944344,1.85
39,3040.0,Combined Improvement,289.9818331660467,33.40003225055684,2.7867302224262858,20.130511461426554,30.67235505450617,27.41305680069495,0.0,9.9233996005925,323.4409184429792,90.86700011327085,414.30791855624966,1.0
40,7120.0,Combined Improvement,299.38186541660343,77.9635010430381,0.0,51.78500603694296,0.0,63.04359862730878,0.0,17.271999627621096,299.38186541660343,210.0641053349109,509.44597075151387,2.95
41,4480.0,Combined Improvement,352.34536645964135,42.90037248734175,8.884633549600949,29.821090210855502,33.222508416453365,35.376776388766885,0.0,12.34928219287334,394.45250842569567,120.44752127983747,514.9000297055331,1.65
42,2000.0,Combined Improvement,372.24573894698324,22.595874684143315,16.109849076312912,13.57588807018012,55.02339673504002,17.61543223593122,0.0,8.340801069794091,443.3789847583362,62.12799606004875,505.5069808183848,0.75
43,5760.0,Combined Improvement,370.8416136311266,57.85291127906902,0.0,39.87818559368576,4.593469244709468,53.064753631876854,0.0,15.604967116811196,375.4350828758361,166.40081762144283,541.835900497279,2.15
44,3200.0,Combined Improvement,405.69452491019547,34.66860277578278,5.209582817903083,22.018365020517844,35.63985785606883,28.53927292379571,0.0,10.301745243324271,446.5439655841674,95.5279859634206,542.0719515475876,1.1
45,7680.0,Combined Improvement,415.36312768597827,83.7480121671063,0.0,56.08647604579895,0.0,72.69079506563621,0.0,18.96656188204836,415.36312768597827,231.4918451605898,646.8549728465682,3.35
46,2400.0,Combined Improvement,474.11113985308475,23.712932863704687,32.37354318209418,16.407419585087847,56.28337548054833,22.680827516909766,0.0,7.995540379247821,562.7680585157273,70.79672034495012,633.5647788606775,0.9
47,5200.0,Combined Improvement,472.8240727167895,56.30628453862594,0.0,38.28589716943495,33.1529840565795,44.86671415111046,0.0,13.834086001821062,505.977056773369,153.2929818609924,659.2700386343613,1.95
48,3840.0,Combined Improvement,504.1303572554152,42.3102281579244,0.0,26.525970450127176,47.46939676907323,32.87791086001457,0.0,11.853309900400118,551.5997540244884,113.56741936846626,665.1671733929552,1.35
49,6720.0,Combined Improvement,521.4405854133397,70.71753654337921,0.0,49.29673810488668,0.0,62.95475283751884,0.0,17.170263424285537,521.4405854133397,200.13929091007026,721.5798763234097,2.7
50,1680.0,Combined Improvement,567.1581219567188,17.936801495125195,31.359936609761462,11.917516764661363,51.03723607285747,15.079615875360885,2.0906475489246077,8.357548000118278,651.6459421882623,53.291482135265724,704.9374243235279,0.6
51,5600.0,Combined Improvement,0.0,62.49486765425689,0.0,38.321202637773645,0.0,50.68228705392883,0.0,15.119354918752933,0.0,166.61771226471228,166.61771226471228,2.05
52,2800.0,Combined Improvement,38.49486765425672,29.008784527966796,9.312418109806913,20.12529134624876,30.55699570768047,26.498805773226582,0.0,10.045691086333917,78.3642814717441,85.67857273377605,164.04285420552014,1.0
53,7200.0,Combined Improvement,42.503652182223504,80.64133760469281,0.0,52.45885293635264,0.0,64.60106739118017,0.0,18.13771952872931,42.503652182223504,215.8389774609549,258.34262964317804,3.0
54,4240.0,Combined Improvement,98.14498978691608,43.62752574851649,8.83132718783645,30.931204248286345,33.66986314289397,34.77183547180877,0.0,12.568436073263678,140.6461801176465,121.8990015418753,262.54518165952095,1.55
55,2080.0,Combined Improvement,117.77251553543238,21.792624133744287,17.969907302378488,15.463808995737736,52.97788961896458,19.589893197745265,0.0,8.805302784510896,188.72031245677545,65.65162911173819,254.37194156851365,0.8
56,6480.0,Combined Improvement,115.56513966917646,67.95861703512473,0.0,44.891015458017456,0.0,58.04172017903527,0.0,16.360929692828407,115.56513966917646,187.2522823650059,302.8174220341825,2.55
57,3520.0,Combined Improvement,159.52375670430138,34.89671616871722,9.994299289300216,24.658088995218215,33.38363118381676,31.24818741596858,0.0,10.780644161121863,202.90168717741835,101.58363674102588,304.48532391844446,1.2
58,4960.0,Combined Improvement,170.42047287301875,54.120885372836824,0.0,34.82329544893314,10.34002606253398,43.704803811717014,0.0,14.478706204621894,180.76049893555273,147.12769083810886,327.88818977366145,1.8
59,2960.0,Combined Improvement,199.54135824585546,32.72863994026725,2.09465550866571,21.021162212196135,33.02366766205478,27.94878358096591,0.0,11.340058607445723,234.65968141657595,93.03864434087502,327.69832575745113,1.05
60,6880.0,Combined Improvement,208.26999818612285,76.31896391153663,0.0,53.97191292283649,0.0,57.73122798261332,0.0,18.319601438757402,208.26999818612285,206.34170625574382,414.61170444186655,2.75
61,4000.0,Combined Improvement,261.58896209765953,41.560059422039764,12.411853500796951,26.26340138824385,31.4678265943694,35.37005828242905,0.0,12.233579612868642,305.4686421928259,115.42709870558132,420.895740898407,1.45
62,1840.0,Combined Improvement,280.1490215196991,19.633529913642406,19.04172497539821,12.963075255074044,53.87480962172458,17.579984938053624,0.0,8.548723022480402,353.0655561168219,58.72531312925048,411.79086924607236,0.7
63,6160.0,Combined Improvement,275.7825514333417,66.40473509761033,0.0,45.65081382643665,0.0,51.53535437318663,0.0,14.80862028348972,275.7825514333417,178.39952358072333,454.18207501406505,2.3
64,3320.0,Combined Improvement,317.18728653095195,33.82442243558437,11.826391390852223,21.37515992862774,30.160194444558783,31.52516742949473,0.0,10.980284223960727,359.17387236636296,97.70503401766756,456.8789063840304,1.15
65,7520.0,Combined Improvement,327.0117089665364,79.41178909631445,0.0,55.19060034442953,0.0,62.15688263824999,0.0,20.141677728506195,327.0117089665364,216.90094980750018,543.9126587740366,3.25
66,2360.0,Combined Improvement,382.42349806285074,25.29976902504383,29.890831319385597,14.888437000813312,47.2684456374368,21.650420876178785,0.0,9.142581123524312,459.58277501967314,70.98120802556024,530.5639830452337,0.85
67,5280.0,Combined Improvement,383.7232670878948,57.222163594814084,0.0,39.130131086637086,17.345840152363508,46.71863986005213,0.0,15.436045525860088,401.0691072402583,158.5069800673634,559.5760873076215,2.0
68,3760.0,Combined Improvement,416.9454306827088,40.29157164038703,0.0,25.202330244629845,37.700709214035214,34.15932871541649,0.0,12.807358375368807,454.646139896744,112.46058897580218,567.1067288725467,1.3
69,6640.0,Combined Improvement,432.237002323096,68.23060881050985,0.0,48.0918701038357,0.0,57.24143019987511,0.0,18.785459580084286,432.237002323096,192.34936869430496,624.5863710174008,2.65
70,1800.0,Combined Improvement,475.4676111336057,18.55410173006859,29.53776837376745,11.337034642769874,45.90439555710509,16.202720940053606,2.582738640030584,7.897603037504037,553.4925137045088,53.99146035039611,607.4839740549046,0.65
71,5680.0,Combined Improvement,470.0217128636741,58.920781163229485,0.0,40.778998295234736,3.2821400552315936,51.30123712714987,0.0,15.708248531185781,473.3038529189057,166.70926511679986,640.0131180357057,2.1
72,2720.0,Combined Improvement,504.94249402690366,25.466548800677284,15.312449494557768,18.851199816875774,35.73217736550578,23.797690724794474,0.0,9.405253379014804,555.9871208869672,77.52069272136234,633.5078136083293,0.95
73,7360.0,Combined Improvement,506.40904282758083,80.38046736926803,0.0,53.111995681440675,0.0,64.74659781129357,0.0,18.18971295748834,506.40904282758083,216.42877381949057,722.8378166470711,3.15
74,4400.0,Combined Improvement,562.7895101968488,44.59015027067593,8.5218454107644,30.87056051202194,33.87603729927196,43.66191261965855,0.0,13.695959895145169,605.1873929068852,132.8185832975016,738.0059762043866,1.65
75,2280.0,Combined Improvement,583.3796604675249,24.435962644539842,14.956443278246297,15.690285178755381,61.84766474017488,19.562318989693917,0.0,8.477443571217597,660.1837684859461,68.16601038420673,728.3497788701534,0.85
76,6320.0,Combined Improvement,0.0,72.8764490843181,0.0,45.35755166312609,0.0,54.71662348561803,0.0,15.887827930429385,0.0,188.8384521634916,188.83845216349073,2.4
77,3640.0,Combined Improvement,48.876449084317755,34.99418453964932,10.363367123476564,25.40105117276537,29.315572312852055,32.617462832316946,0.0,11.00949104121716,88.55538852064637,104.0221895859488,192.57757810659587,1.25
78,5120.0,Combined Improvement,59.87063362396748,59.146843722222584,0.0,36.66938521316199,1.8812245060262285,46.16290603406545,0.0,14.252252619000874,61.75185812999371,156.2313875884509,217.98324571844478,1.9
79,3000.0,Combined Improvement,95.01747734619039,31.0509715382521,5.618413674909789,20.331799614741488,27.712330925350216,27.49479256073036,0.0,10.600899383295463,128.3482219464504,89.47846309701941,217.8266850434702,1.0
80,7000.0,Combined Improvement,102.06844888444266,72.40911170211439,0.0,47.495218193879026,0.0,56.9968973424605,0.0,16.660984968490602,102.06844888444266,193.5622122069445,295.6306610913871,2.85
81,4120.0,Combined Improvement,150.47756058655705,45.907638348656285,1.5875798452225354,29.628759587287846,27.36813775517203,34.23064234114828,0.0,12.881491177454771,179.4332781869516,122.6485314545472,302.0818096414987,1.5
82,1880.0,Combined Improvement,172.38519893521334,20.497059397804435,10.719280034706571,11.96144680237051,49.63733329395018,14.615766709147316,0.0,7.228627233950693,232.7418122638701,54.30290014327295,287.04471240714247,0.7
83,6120.0,Combined Improvement,168.8822583330175,63.6050490448161,0.0,45.162750282650734,0.0,51.87864592983398,0.0,15.501967305589842,168.8822583330175,176.14841256289063,345.03067089590786,2.3
84,3240.0,Combined Improvement,208.48730737783353,33.13461444033909,12.028135842311713,23.09970792703509,28.778938002798895,27.931377360180285,0.0,10.645520767153016,249.29438122294414,94.81122049470748,344.10560171765246,1.1
85,7640.0,Combined Improvement,217.62192181817227,80.86365129672205,0.0,56.02031580927689,0.0,68.83592740539066,0.0,19.079015225803538,217.62192181817227,224.79890973719316,442.420831555366,3.3
86,2440.0,Combined Improvement,274.4855731148946,26.070621479534648,29.94969432974267,17.393354379964823,51.4425730254261,22.893426403267373,0.0,8.36856352859311,355.87784047006335,74.72596579135995,430.6038062614234,0.9
87,5240.0,Combined Improvement,276.55619459442914,59.312766485999184,0.0,38.737346139942616,23.628935512459066,43.9938255078145,0.0,15.408568205367837,300.1851301068882,157.45250633912414,457.63763644601295,1.95
88,3880.0,Combined Improvement,311.86896108042856,43.3462025724352,0.0,27.457592488625863,35.55631209915555,33.97534391580168,0.0,11.61296227396407,347.4252731795841,116.39210125082683,463.8173744304113,1.35
89,6680.0,Combined Improvement,331.21516365286334,72.46966641744076,0.0,44.82741657791101,0.0,59.1801024962798,0.0,16.85202441230133,331.21516365286334,193.3292099039329,524.544373556796,2.65
90,1720.0,Combined Improvement,379.6848300703041,18.437971278035118,26.38944529987566,10.682843497431016,48.49725899884834,14.311249857029502,2.5407745552711276,8.53956245510304,457.1123089242992,51.97162708759868,509.0839360118989,0.6
91,5640.0,Combined Improvement,374.12280134833964,55.569398323266924,0.0,40.22565839207353,4.085740937845003,48.809453864780906,0.0,14.250116056192446,378.20854228618464,158.8546266363138,537.0631689224983,2.05
92,2760.0,Combined Improvement,405.69219967160643,30.042436465633354,10.183221926439728,17.783549821900728,35.11164498072503,23.109170567703774,0.0,9.156765628820555,450.9870665787712,80.0919224840584,531.0789890628303,0.95
93,7320.0,Combined Improvement,411.73463613724016,76.62547895060963,0.0,56.72435906351944,0.0,69.02194823568841,0.0,16.982004017293324,411.73463613724016,219.3537902671108,631.0884264043516,3.1
94,4200.0,Combined Improvement,464.3601150878494,43.707378791421434,13.016980272098408,30.014755183453435,39.00719305223538,36.42581339076521,0.0,12.221039982626786,516.3842884121832,122.36898734826687,638.7532757604504,1.6
95,2120.0,Combined Improvement,484.06749387927084,22.31352627579776,20.718209179754012,15.485723376089295,59.94728306691104,19.274491444011687,0.0,8.373022987300772,564.7329861259359,65.44676408319951,630.1797502091358,0.8
96,6440.0,Combined Improvement,482.38102015506865,63.94784704837997,0.0,47.60723418950409,3.870625828882112,59.82172999758472,0.0,16.252628191253194,486.25164598395077,187.62943942672197,673.8810854106732,2.5
97,3560.0,Combined Improvement,522.3288672034487,32.37637102724667,15.230863162257265,26.747735239158274,36.944620587309146,30.694832477696696,0.0,11.238493869268195,574.5043509530151,101.05743261336984,675.5617835663852,1.2
98,5000.0,Combined Improvement,530.7052382306956,53.419490319744106,0.0,34.42433575695727,21.774225389719504,44.37256624311397,0.0,14.09259916465991,552.4794636204151,146.30899148447526,698.788455104891,1.8
99,2920.0,Combined Improvement,560.1247285504396,29.39135983673023,5.032975920227727,20.045392404809775,46.10139922802409,26.658634822139987,0.0,11.355727890006222,611.2591036986914,87.45111495368621,698.7102186523771,1.05
100,6840.0,Combined Improvement,565.5160883871695,69.49943612349199,0.0,49.54391114800015,0.0,63.26322450071017,0.0,17.523173082720593,565.5160883871695,199.82974485492292,765.3458332420923,2.75
101,3960.0,Combined Improvement,0.0,45.204227802316176,0.0,25.27362246013273,0.0,35.73935611268912,0.0,12.162151268582361,0.0,118.3793576437204,118.37935764372105,1.4
102,1904.0,Combined Improvement,21.20422780231638,19.48396416442644,5.789658295706431,13.06275165749934,22.67660445518959,15.801092065245431,0.0,8.17753806885048,49.6704905532124,56.525345956021695,106.19583650923414,0.7
103,7056.0,Combined Improvement,16.688191966743034,66.87927916446237,0.0,41.99522345572957,0.0,66.92042168671843,0.0,17.87020990672695,16.688191966743034,193.66513421363734,210.35332618038046,2.85
104,4840.0,Combined Improvement,59.56747113120582,47.50678885873093,0.0,36.3091740057532,25.09968227796344,44.527097271310836,0.0,14.220909159736884,84.66715340916926,142.56396929553188,227.2311227047012,1.75
105,3400.0,Combined Improvement,83.07425998993676,34.3028468143195,2.0063271914341385,24.306337510387063,45.32044203888654,27.80616936869292,0.0,10.387254625284768,130.40102922025744,96.80260831868425,227.20363753894253,1.15
106,6040.0,Combined Improvement,93.37710680425607,61.869354948597994,0.0,41.232543759379546,0.0,53.99970088776094,0.0,16.127302020069468,93.37710680425607,173.22890161580796,266.6060084200644,2.25
107,2600.0,Combined Improvement,131.24646175285397,29.532534066987907,11.700009692392086,17.516092934121847,36.483607953638966,24.374258159721702,0.0,9.61594992587786,179.43007939888503,81.03883508670931,260.4689144855938,0.9
108,7344.0,Combined Improvement,136.77899581984184,73.52373825335714,0.0,55.248638869586216,0.0,64.84464897931525,0.0,19.131492489011414,136.77899581984184,212.74851859127,349.52751441111104,3.1
109,4224.0,Combined Improvement,186.30273407319874,44.27820842714444,10.970430442441284,31.231731985934786,33.61291699338017,43.12568294023017,0.0,12.848465189828232,230.8860815090202,131.48408854313763,362.37017005215785,1.6
110,2144.0,Combined Improvement,206.58094250034355,24.567519057554648,17.634643370821323,14.704386168862008,62.03421376474853,18.609980694860376,0.0,8.396610049588748,286.2497996359134,66.27849597086578,352.52829560677947,0.8
111,6464.0,Combined Improvement,207.14846155789837,63.19154307279846,0.0,44.1106303649129,5.681050561580378,59.441765384403666,0.0,15.987920748500143,212.82951211947875,182.73185957061514,395.56137169009435,2.5
112,3584.0,Combined Improvement,246.34000463069697,35.16967852731223,8.94095183760055,25.857871146317752,39.26494479966641,29.70658691729545,0.0,11.008701163620637,294.5459012679639,101.74283775454607,396.2887390225105,1.2
113,5024.0,Combined Improvement,257.50968315800947,57.46807543780804,0.0,32.39663293876017,13.905646324312329,43.93879007313241,0.0,13.797596664986248,271.4153294823218,147.60109511468687,419.01642459700906,1.8
114,2944.0,Combined Improvement,290.97775859581725,28.431711028957142,3.964921909802797,19.582511254969123,38.261925142475775,26.18267649652291,0.0,9.163811420985772,333.2046056480958,83.36071020143494,416.56531584953063,1.05
115,6864.0,Combined Improvement,295.40946962477483,65.7887324221234,0.0,47.578214058835904,0.0,57.2208290244054,0.0,18.425781108606916,295.40946962477483,189.01355661397162,484.4230262387473,2.75
116,3984.0,Combined Improvement,337.1982020468986,42.469744273265384,5.1084697855712875,26.435860578403933,30.784968446001585,35.395146483790974,0.0,12.293755172293908,373.09164027847146,116.5945065077542,489.6861467862245,1.4
117,1928.0,Combined Improvement,355.66794632016354,20.7119134186421,10.832416945332625,13.02598135408344,53.15413357570924,17.034832442816036,0.0,8.403849151794299,419.6544968412054,59.176576367335876,478.83107320854106,0.7
118,7080.0,Combined Improvement,352.37985973880586,76.41517417351832,0.0,51.143806782158784,0.0,58.98761538324382,0.0,18.196120398445213,352.37985973880586,204.74271673736612,557.122576476173,2.85
119,4864.0,Combined Improvement,404.79503391232447,48.8522708861846,2.291535895974448,33.46157113164127,25.526044251602798,45.687984924722315,0.0,14.246911603602383,432.6126140599017,142.24873854615055,574.8613526060526,1.75
120,3424.0,Combined Improvement,429.64730479850914,35.145812942261344,0.6072940853537148,25.433972285811294,45.78005689051406,33.234281832334794,0.0,9.121760614615502,476.0346557743769,102.93582767502294,578.9704834494005,1.15
121,6064.0,Combined Improvement,440.79311774077087,61.57645130125102,0.0,44.05860173255706,0.0,53.61689629692142,0.0,14.678759214096297,440.79311774077087,173.9307085448258,614.7238262855963,2.25
122,2624.0,Combined Improvement,478.3695690420218,27.157856728736277,16.900745003820703,17.77381349380128,35.843082803120524,22.26286912559334,0.0,9.498111237500096,531.113396848963,76.692650585631,607.806047434593,0.9
123,7368.0,Combined Improvement,481.5274257707579,75.41981573392462,0.0,53.96487457902503,0.0,64.35344013440691,0.0,19.971497781220684,481.5274257707579,213.70962822857726,695.2370539993344,3.1
124,4248.0,Combined Improvement,532.9472415046821,41.30986407989503,12.655010499129276,32.171050906025954,32.182389228381,41.94465065165264,0.0,12.674478576868735,577.7846412321924,128.10004421444233,705.8846854466346,1.6
125,2168.0,Combined Improvement,550.2571055845774,22.791583864245954,22.034477540909393,13.657749896096135,60.469289983937415,19.45243429050546,0.0,8.550753758465119,632.7608731094242,64.45252180931267,697.2133949187364,0.8
126,6488.0,Combined Improvement,0.0,68.06805333113181,0.0,49.0796159724937,0.0,55.30159131826309,0.0,17.443910270664038,0.0,189.89317089255263,189.89317089255292,2.5
127,3608.0,Combined Improvement,44.06805333113152,38.586746200022844,10.49286977247175,24.65123881016418,30.650352508098877,34.19172812099739,0.0,11.319328884078443,85.21127561170215,108.74904201526286,193.96031762696475,1.25
128,5048.0,Combined Improvement,58.65479953115391,54.94209676215206,0.0,32.79806237011808,12.246030079462798,41.647111121909454,0.0,13.628301532781643,70.90082961061671,143.01557178696126,213.91640139757783,1.85
129,2968.0,Combined Improvement,89.59689629330569,30.326979985954456,2.47108238416331,18.987549705073597,34.90559149629917,27.854160998381595,0.0,9.782495060374345,126.97357017376817,86.951185749784,213.92475592355186,1.05
130,6888.0,Combined Improvement,95.92387627926018,72.3489809772485,0.0,51.85777913889224,0.0,62.707964784379,0.0,18.70644220429792,95.92387627926018,205.62116710481766,301.54504338407787,2.75
131,4008.0,Combined Improvement,144.27285725650836,39.32939514849596,12.528383990396833,30.395905101926832,32.312059682452855,33.94594153356338,0.0,11.450589662090408,189.11330092935805,115.12183144607658,304.23513237543375,1.45
132,1848.0,Combined Improvement,159.60225240500404,17.581188212020134,25.34310088030361,12.304018037852513,53.95398317816398,16.75373602188872,0.0,7.952330822616112,238.89933646347163,54.59127309437748,293.4906095578481,0.7
133,6168.0,Combined Improvement,153.18344061702373,65.18756073958289,0.0,43.11110671438758,0.05617066423747019,55.30732636148233,0.0,18.093765024290356,153.2396112812612,181.69975883974314,334.9393701210047,2.3
134,3288.0,Combined Improvement,194.37100135660694,30.427342128506133,12.683764585881363,21.68451943581154,33.678977589908754,30.542134593712507,0.0,11.23072163070421,240.73374353239706,93.88471778873439,334.6184613211317,1.15
135,7528.0,Combined Improvement,200.79834348511304,82.1810334282011,0.0,56.78855646882535,0.0,64.22482976549571,0.0,19.37958815859297,200.79834348511304,222.57400782111515,423.37235130622776,3.25
136,2328.0,Combined Improvement,258.9793769133139,22.916770826028806,33.87178564279657,15.837536495077854,48.38729327041801,22.148420337240864,0.0,9.224623933759743,341.2384558265285,70.12735159210726,411.365807418636,0.85
137,5208.0,Combined Improvement,257.89614773934227,51.17218838306948,0.0,34.06047091830032,35.01237644416415,50.465334768387464,0.0,13.692761982730582,292.9085241835064,149.39075605248786,442.29928023599314,1.95
138,3848.0,Combined Improvement,285.0683361224119,39.210262696560505,0.0,26.202938401740553,54.12498103254984,33.545497363205946,0.0,11.395674899895063,339.19331715496173,110.35437336140205,449.5476905163641,1.35
139,6648.0,Combined Improvement,300.27859881897257,67.21119791848976,0.0,45.8441340747634,0.8180848042429716,51.856327509393026,0.0,15.416255750613923,301.09668362321554,180.3279152532601,481.424598876476,2.65
140,1768.0,Combined Improvement,343.4897967374627,18.719437111622984,27.124696963140195,12.408723837436456,40.2656884761991,15.929402838995225,0.0,7.627768207435067,410.880182176802,54.68533199548973,465.56551417229184,0.65
141,5648.0,Combined Improvement,338.20923384908565,60.81092935958864,0.0,37.41003432800648,0.0,52.20832219447542,0.0,14.622615173711868,338.20923384908565,165.0519010557824,503.2611349048684,2.05
142,2728.0,Combined Improvement,375.0201632086746,28.55568581206515,8.854348515940728,20.458673205260393,31.74964898921553,24.081702515212754,0.0,9.91982085106661,415.62416071383086,83.01588238360492,498.6400430974363,0.95
143,7288.0,Combined Improvement,379.57584902073995,68.92853472032694,0.0,51.093112533450636,0.0,64.15306702870275,0.0,17.890640853189808,379.57584902073995,202.06535513567013,581.6412041564108,3.05
144,4168.0,Combined Improvement,424.5043837410667,42.49605083130115,8.597061702149404,29.48827419441132,34.6647928342918,36.724523325692466,0.0,12.940384532133931,467.7662382775079,121.64923288353886,589.4154711610463,1.6
145,2088.0,Combined Improvement,443.00043457236825,21.903601821727158,16.181734074833003,15.265384012594858,56.12393214738859,17.65043346438571,0.0,8.436572111420508,515.3061007945898,63.25599141012824,578.5620922047183,0.8
146,6408.0,Combined Improvement,440.9040363940958,70.3680466546703,0.0,44.081831813370414,0.0,60.59336581771154,0.0,15.2840069556732,440.9040363940958,190.32725124142544,631.2312876355209,2.5
147,3528.0,Combined Improvement,487.27208304876604,35.178319333175594,8.903512480195786,25.074194425624455,35.51917139208672,30.548958470924788,0.0,10.84029446033837,531.6947669210485,101.6417666900632,633.336533611111,1.2
148,4968.0,Combined Improvement,498.4504023819409,51.61806450254276,0.0,36.18521331440919,12.242558951878891,41.96844407058219,0.0,14.259275666862806,510.69296133381977,144.03099755439695,654.7239588882185,1.8
149,2888.0,Combined Improvement,526.0684668844842,31.800988154720553,4.384225159688867,21.58215521201673,32.62884781044522,25.230336552110884,0.0,10.636735413003402,563.0815398546183,89.25021533185158,652.3317551864693,1.05
150,6808.0,Combined Improvement,533.8694550392047,76.11737253036637,0.0,52.13871770931135,0.0,59.71997001642341,0.0,16.425387550824674,533.8694550392047,204.4014478069258,738.2709028461304,2.75
151,3928.0,Combined Improvement,0.0,42.26222377279564,0.0,27.160028934445833,0.0,34.22433264509345,0.0,11.979964802536351,0.0,115.6265501548713,115.62655015487144,1.4
152,1872.0,Combined Improvement,18.26222377279555,18.461047997526567,8.698980936918815,12.356959972304468,21.867372672788406,15.638690506673601,0.0,7.553281352464795,48.82857738250277,54.009979828969435,102.83855721147302,0.7
153,7024.0,Combined Improvement,12.723271770322754,71.8405848770431,0.0,49.11304959752964,0.0,62.860594258606085,0.0,18.269444054864802,12.723271770322754,202.08367278804363,214.806944558366,2.85
154,4808.0,Combined Improvement,60.563856647366265,49.265320422428786,0.0,32.12872066030428,30.579602773403167,49.019312315717485,0.0,13.667793588037961,91.14345942076943,144.08114698648853,235.22460640725694,1.7
155,3368.0,Combined Improvement,85.82917706979424,32.66994615785427,0.0,25.100097258494362,53.95759233307581,29.962314443290815,0.0,10.50144559274137,139.78676940287005,98.23380345238081,238.02057285525188,1.15
156,6008.0,Combined Improvement,94.49912322764794,66.994111616772,0.0,45.184494375145675,0.0,50.91149877707249,0.0,14.846008649955955,94.49912322764794,177.93611341894612,272.4352366465937,2.2
157,2568.0,Combined Improvement,137.49323484441993,25.992473450298508,19.192020924847384,16.393450583060183,34.5180481940115,24.952920086927413,0.0,9.073478671926843,191.2033039632788,76.41232279221293,267.6156267554925,0.9
158,7312.0,Combined Improvement,139.48570829471828,71.43362364333107,0.0,49.966078200980974,0.0,62.579975261604574,0.0,18.20875615742727,139.48570829471828,202.18843326334388,341.67414155806364,3.05
159,4192.0,Combined Improvement,186.91933193805016,46.704299199006954,3.2617790019739914,29.59403870140273,32.98593656020057,36.462592873892866,0.0,13.196404098259706,223.16704750022473,125.95733487256226,349.1243823727891,1.6
160,2112.0,Combined Improvement,209.6236311370576,23.144268419450654,9.711549283927525,14.06517601502906,55.383353419065315,19.350940531347547,0.0,8.528997028260235,274.71853384005044,65.08938199408749,339.807915834137,0.8
161,6432.0,Combined Improvement,208.76789955650747,63.33551889867266,0.0,47.08145692693095,0.0,51.58042681083393,0.0,16.38702198342403,208.76789955650747,178.38442461986156,387.1523241763698,2.5
162,3552.0,Combined Improvement,248.10341845518087,36.41379770478761,10.667659222142902,27.518430094180346,24.061996716653084,32.71089757458292,0.0,10.590572808996269,282.83307439397686,107.23369818254714,390.0667725765252,1.2
163,4992.0,Combined Improvement,260.5172161599694,52.53458205523938,0.0,37.156789257954905,5.267612294364881,44.7071102675415,0.0,13.18520586452053,265.7848284543343,147.58368744525632,413.3685158995904,1.8
164,2912.0,Combined Improvement,289.0517982152087,29.591105882454627,7.565683375500157,20.34380738728034,29.630915174626352,27.668099417151723,0.0,10.481538315079826,326.2483967653352,88.08455100196652,414.33294776730145,1.05
165,6832.0,Combined Improvement,294.64290409766363,74.81970235096503,0.0,49.41497517064663,0.0,55.044562647764906,0.0,16.407591229353482,294.64290409766363,195.68683139873005,490.3297354963943,2.75
166,3952.0,Combined Improvement,345.46260644862923,42.40693855635056,7.008036614295634,27.694566747581092,27.349995900183785,36.831883263280865,0.0,11.737131098116436,379.82063896310865,118.67051966532895,498.4911586284379,1.4
167,1896.0,Combined Improvement,363.86954500497995,18.91268270222849,15.789920659648487,12.856417826685906,51.32546133677897,16.201240784396433,0.0,8.611046977216176,430.9849270014074,56.581388290527,487.5663152919333,0.7
168,7048.0,Combined Improvement,358.7822277072082,72.89164661859083,0.0,49.28112788366011,0.0,66.92464149429274,0.0,18.627546268843872,358.7822277072082,207.72496226538757,566.5071899725972,2.85
169,4832.0,Combined Improvement,407.67387432579926,53.62041030342064,0.0,33.60860992715306,28.97674914737945,45.96998483121368,0.0,13.781926922810129,436.6506234731787,146.9809319845975,583.6315554577759,1.75
170,3392.0,Combined Improvement,437.2942846292208,30.481768992625234,3.1268409345266264,23.75373911602966,51.192994862563864,31.195296983050504,0.0,10.008723988651063,491.6141204263113,95.43952908035646,587.0536495066681,1.15
171,6032.0,Combined Improvement,443.7760536218466,64.66725551382339,0.0,41.024461874471,3.5771545078769122,53.962754790680314,0.0,17.64793868326404,447.3532081297235,177.30241086223876,624.6556189919611,2.25
172,2592.0,Combined Improvement,484.44330913566955,30.35486282649078,10.669599047980228,17.498089859624763,40.04181943893309,25.00073833744353,0.0,9.504048668243874,535.1547276225829,82.35773969180293,617.5124673143855,0.9
173,7336.0,Combined Improvement,490.79817196216027,78.11312173995955,0.0,53.06586909053258,0.0,68.02843581825854,0.0,20.34405653894831,490.79817196216027,219.55148318769898,710.3496551498592,3.1
174,4216.0,Combined Improvement,544.91129370212,44.14011273230548,8.925756358226863,31.70557718855725,36.32285862970093,36.90338073360157,0.0,12.6924985950836,590.1599086900478,125.44156924954791,715.6014779395955,1.6
175,2136.0,Combined Improvement,565.0514064344261,23.366496869170902,17.264836677613857,14.551117397149893,58.6751219661528,17.4320430815144,0.0,8.822938463605244,640.9913650781928,64.17259581144044,705.163960889633,0.8
176,6456.0,Combined Improvement,0.0,64.99138335432701,0.0,47.511928244707285,0.0,58.43437973948147,0.0,16.592445836469224,0.0,187.530137174985,187.5301371749847,2.5
177,3576.0,Combined Improvement,40.9913833543269,38.13888535612514,9.37304288858104,27.29745936298377,31.136920376497073,33.53688292877913,0.0,12.275835434750213,81.50134661940501,111.24906308263823,192.75040970204464,1.2
178,5016.0,Combined Improvement,55.13026871045258,50.71211632560427,0.0,37.12085151083527,13.51133772040157,43.37048467903239,0.0,12.205326495377067,68.64160643085415,143.408779010849,212.05038544170384,1.8
179,2936.0,Combined Improvement,81.84238503605775,28.650267347948656,8.470584162887462,20.303918359958203,36.57790403947547,27.856555406673483,0.0,9.88174325506581,126.89087323842068,86.69248436964615,213.58335760806585,1.05
180,6856.0,Combined Improvement,86.49265238400585,72.13763041329146,0.0,47.89241164081941,0.0,59.15690090434645,0.0,17.950617471848673,86.49265238400585,197.137560430306,283.6302128143125,2.75
181,3976.0,Combined Improvement,134.6302827972977,42.165091913038026,5.727319727780923,27.887033749278256,31.269867155067914,35.09320563943495,0.0,10.671491969890853,171.62746968014653,115.8168232716421,287.4442929517918,1.4
182,1920.0,Combined Improvement,152.79537471033655,19.57355320695016,14.040800270109685,13.977704241211047,52.38536855329221,17.36938141406129,0.0,7.961082264427247,219.22154353373844,58.88172112664975,278.10326466038896,0.7
183,7072.0,Combined Improvement,148.36892791728678,77.54071158535277,0.0,44.98935255849563,0.0,61.330068352327125,0.0,17.30651166696089,148.36892791728678,201.1666441631364,349.53557208042184,2.85
184,4856.0,Combined Improvement,201.90963950263904,51.79551276676372,0.0,35.99384102582288,18.53006711823582,50.775941803883256,0.0,13.90547467199566,220.43970662087486,152.47077026846551,372.9104768893412,1.75
185,3416.0,Combined Improvement,229.70515226940188,34.540922435019816,1.452918590803165,24.341677861316953,44.96433106080258,30.03313314724919,0.0,10.837863908437747,276.1224019210076,99.75359735202372,375.8759992730338,1.15
186,6056.0,Combined Improvement,240.24607470442243,65.23705265073329,0.0,40.84905120975601,0.0,50.48734133117472,0.0,14.325678709051642,240.24607470442243,170.89912390071564,411.1451986051379,2.25
187,2616.0,Combined Improvement,281.4831273551554,26.139408410749297,14.70964279900727,16.959862190168128,33.52747914100655,21.89959156792619,0.0,10.6620194106368,329.7202492951692,75.66088157948042,405.3811308746481,0.9
188,7360.0,Combined Improvement,283.6225357659041,79.47950306154466,0.0,54.09181405078948,0.0,65.97186847004538,0.0,19.611324482068472,283.6225357659041,219.154510064448,502.7770458303512,3.1
189,4240.0,Combined Improvement,339.10203882744827,45.03774035235307,9.054073698436696,29.822943695822893,36.148924774222905,35.73965268405921,0.0,12.298404174149551,384.30503730010787,122.89874090638472,507.2037782064908,1.6
190,2160.0,Combined Improvement,360.1397791798008,22.647479724376762,16.22953766988212,14.851024117273267,57.03755334100788,19.255432584319923,0.0,8.603419005530744,433.4068701906908,65.3573554315007,498.7642256221916,0.8
191,6480.0,Combined Improvement,358.7872589041781,64.1845843373241,0.0,41.26622208952355,1.9227412856344017,55.36483413043369,0.0,16.73028201541602,360.7100001898125,177.54592257269735,538.2559227625115,2.5
192,3600.0,Combined Improvement,398.97184324150294,37.77298672873268,3.4932353607910045,26.32456213155354,30.96301328451591,32.53674546106272,0.0,11.669357447496154,433.42809188680985,108.3036517688451,541.7317436556532,1.25
193,5040.0,Combined Improvement,412.7448299702355,55.35822709602967,0.0,38.32312291592161,0.0,46.945237667656606,0.0,14.301727454773252,412.7448299702355,154.92831513438114,567.6731451046162,1.85
194,2960.0,Combined Improvement,444.10305706626605,32.90859311532552,5.414529800595119,19.711460822899685,27.233776844755994,29.283053003860985,0.0,10.819178266837808,476.75136371161716,92.722285208924,569.4736489205425,1.05
195,6880.0,Combined Improvement,453.0116501815919,75.23520826425356,0.0,46.920557523591484,0.0,62.69928947616072,0.0,17.51181416671874,453.0116501815919,202.3668694307245,655.3785196123172,2.75
196,4000.0,Combined Improvement,504.24685844584565,43.17177507100095,3.7487824525906035,28.67686096737532,34.022428508786106,37.16047295029055,0.0,11.918749390769477,542.0180694072224,120.92785837943629,662.945927786659,1.45
197,1840.0,Combined Improvement,523.418633516847,19.604649361255532,12.820994058709402,12.53664794511323,58.64625351396353,16.784509836069926,0.0,8.285644857879346,594.8858810895199,57.21145200031803,652.0973330898378,0.7
198,6160.0,Combined Improvement,519.0232828781027,61.65232124574617,0.0,42.45951304495282,0.0,50.11732599187256,0.0,16.197140783137037,519.0232828781027,170.4263010657086,689.4495839438114,2.3
199,3280.0,Combined Improvement,556.6756041238496,35.7434047157743,6.716108329177587,22.11366777200292,28.003658219869976,28.206408471835488,0.0,9.6631170842535,591.3953706728971,95.7265980438662,687.1219687167631,1.15
200,7520.0,Combined Improvement,568.4190088396244,73.20201024054532,0.0,52.79111993290079,0.0,66.37913098503982,0.0,19.381885552203187,568.4190088396244,211.7541467106891,780.1731555503156,3.25
201,2320.0,Combined Improvement,0.0,26.53866117894738,0.0,17.721995090330886,0.0,21.71968620194701,0.0,8.572189104647142,0.0,74.55253157587241,74.5525315758714,0.85
202,5200.0,Combined Improvement,2.5386611789472227,53.9394574756833,0.0,39.09718586552746,0.0,49.5869096428921,0.0,14.472329344202528,2.5386611789472227,157.09588232830538,159.63454350725078,1.95
203,3840.0,Combined Improvement,32.478118654629725,39.873681196314664,0.0,26.639266787033417,22.17114752507041,34.602079922520545,0.0,12.29020073270245,54.649266179700135,113.40522863857107,168.05449481827236,1.35
204,6640.0,Combined Improvement,48.3517998509451,68.99367529470571,0.0,50.44639794092495,0.0,63.66851269575658,0.0,17.60872252104694,48.3517998509451,200.71730845243417,249.06910830337802,2.65
205,1760.0,Combined Improvement,93.3454751456502,18.412693255205404,32.033704685718476,13.122053677558464,50.54645901819822,16.617747381035326,0.9909751400118694,7.99829759350628,176.91661398957876,56.150791907305475,233.06740589688343,0.65
206,5640.0,Combined Improvement,87.75816840085645,55.596139145369435,0.0,39.06195944524068,17.66186617190033,49.83996935867003,0.0,14.374085426142035,105.42003457275678,158.8721533754222,264.29218794817825,2.05
207,2720.0,Combined Improvement,119.35430754622575,32.44121852312113,6.6207409221187845,18.580751801070736,48.921083729499514,24.79333954057016,0.0,9.36314013989884,174.89613219784405,85.17845000466087,260.07458220250555,0.95
208,7280.0,Combined Improvement,127.79552606934703,74.58902522320525,0.0,52.78006487718543,0.0,69.40704160406051,0.0,17.813666322887077,127.79552606934703,214.58979802733828,342.3853240966873,3.05
209,4160.0,Combined Improvement,178.38455129255271,43.04222881637492,9.737836060810878,30.629371782127436,38.77766982193316,35.669685898115894,0.0,12.94123234190366,226.90005717529675,122.2825188385219,349.1825760138199,1.6
210,2080.0,Combined Improvement,197.42678010892814,21.846695638801776,18.52051220413705,14.34348529135201,60.10387042869661,18.122888914122232,0.0,8.375662243821676,276.0511627417618,62.688732088097694,338.7398948298596,0.8
211,6400.0,Combined Improvement,195.27347574773012,65.0800596129616,0.0,46.870063403593534,0.0,55.71060400642,0.0,18.06255094150253,195.27347574773012,185.7232779644777,380.9967537122084,2.5
212,3520.0,Combined Improvement,236.35353536069124,34.79944918709195,12.070614216501781,23.70497939333029,32.00562461308982,28.412789645035726,0.0,11.73608719721898,280.42977419028284,98.65330542267695,379.0830796129612,1.2
213,4960.0,Combined Improvement,247.1529845477835,54.26501354179182,0.0,37.27754628079446,4.6514480453715805,46.917784363459305,0.0,13.437645485519495,251.80443259315507,151.89798967156506,403.70242226471964,1.8
214,2880.0,Combined Improvement,277.4179980895751,31.41578959824126,5.861756682554187,18.714935317941222,32.854297090889304,24.509588272658835,0.0,10.17645613756418,316.1340518630186,84.8167693264055,400.95082118942264,1.05
215,6800.0,Combined Improvement,284.83378768781586,72.82585888358167,0.0,48.83701181010219,0.0,61.61218541254298,0.0,17.473947028479532,284.83378768781586,200.74900313470636,485.58279082252375,2.75
216,3920.0,Combined Improvement,333.6596465713974,42.87181108026681,5.965200729835487,27.609703705533498,34.00248170700979,38.40128526280151,0.0,12.305157615905644,373.62732900824267,121.18795766450745,494.8152866727505,1.4
217,1864.0,Combined Improvement,352.5314576516648,19.41920145569144,14.15570297967679,12.477946890001016,59.925820079810364,16.722177826394795,0.0,8.384459651027598,426.612980711152,57.00378582311485,483.6167665342691,0.7
218,7016.0,Combined Improvement,347.95065910735684,73.79510106957872,0.0,52.21481592905678,0.0,59.26967162716517,0.0,18.192536506139103,347.95065910735684,203.47212513193978,551.4227842392975,2.85
219,4800.0,Combined Improvement,397.7457601769347,52.5687046891709,0.0,31.480789680581793,27.43499318647082,45.16445784558364,0.0,12.912320116031209,425.18075336340553,142.12627233136755,567.3070256947722,1.7
220,3360.0,Combined Improvement,426.3144648661055,33.37446773256409,0.0,23.760292609267662,46.945480370803125,29.601844510847624,0.0,10.829351676838717,473.2599452369086,97.56595652951809,570.8259017664277,1.15
221,6000.0,Combined Improvement,435.68893259867036,63.91369392707534,0.0,42.706445825056846,0.0,55.05526176088469,0.0,14.655706926170598,435.68893259867036,176.3311084391875,612.0200410378584,2.2
222,2560.0,Combined Improvement,475.602626525746,25.96836112691173,16.73808469814503,17.735712035698782,37.319549725185425,22.45866892398836,0.0,9.981368733770365,529.6602609490765,76.14411082036924,605.8043717694454,0.9
223,7304.0,Combined Improvement,477.570987652658,76.42800070897074,0.0,50.785970728554986,0.0,66.5087143740881,0.0,19.494414145095867,477.570987652658,213.2170999567097,690.7880876093677,3.05
224,4184.0,Combined Improvement,529.998988361629,41.97454097260027,8.811429755955032,27.147142591285103,39.36157178280155,41.18217160798301,0.0,11.267490981500508,578.1719899003856,121.57134615336889,699.7433360537561,1.6
225,2104.0,Combined Improvement,547.9735293342292,22.33042970137289,13.628142645868138,14.112958919320633,66.430784471464,19.05277359668564,0.0,8.772124629203843,628.0324564515613,64.26828684658301,692.3007432981449,0.8
226,6424.0,Combined Improvement,0.0,69.2439160297137,0.0,45.98965670367075,0.0,59.34139070238912,0.0,16.440690232853413,0.0,191.01565366862695,191.01565366862815,2.5
227,3544.0,Combined Improvement,45.243916029714455,37.19803012005991,8.791626583610196,25.281396134540174,34.05999456784957,32.62009494203092,0.0,10.707979070511579,88.09553718117422,105.80750026714259,193.90303744831726,1.2
228,4984.0,Combined Improvement,58.441946149774594,53.17277593142692,0.0,34.8283475958207,12.751988700782022,46.25047579231432,0.0,13.336454891279955,71.19393485055662,147.58805421084188,218.78198906139914,1.8
229,2904.0,Combined Improvement,87.61472208120176,31.779379280251504,3.048968315570164,20.93042792976048,38.07203656333513,23.7443935701166,0.0,10.239039958916061,128.73572696010706,86.69324073904465,215.42896769915205,1.05
230,6824.0,Combined Improvement,95.39410136145307,62.62816752632949,0.0,47.838342102811566,0.0,60.976383589367494,0.0,17.98880650123077,95.39410136145307,189.4316997197393,284.8258010811933,2.75
231,3944.0,Combined Improvement,134.02226888778205,39.57544423102476,8.262897871787573,28.61202150661566,32.36436208275336,39.153120004199906,0.0,10.972859339049851,174.64952884232298,118.31344508089018,292.9629739232114,1.4
232,1888.0,Combined Improvement,149.5977131188065,18.194475945078587,18.6804434333244,12.66273362295777,58.85474846399484,16.86683100692967,0.0,8.322978827970065,227.13290501612573,56.04701940293609,283.1799244190606,0.7
233,7040.0,Combined Improvement,143.7921890638845,76.1289401199884,0.0,49.946344134805486,0.0,67.67341401432732,0.0,18.82582675411312,143.7921890638845,212.57452502323432,356.36671408711845,2.85
234,4824.0,Combined Improvement,195.92112918387284,47.32717225247804,2.6191718823265546,35.007145092784754,32.66626892154272,42.112966506568924,0.0,13.46967181249016,231.2065699877421,137.91695566432188,369.1235256520631,1.75
235,3384.0,Combined Improvement,219.24830143635154,35.10204289341548,2.524274081695694,22.876594026497816,51.90264140161162,29.402010628408092,0.0,9.844260593945272,273.67521691965885,97.22490814226666,370.9001250619258,1.15
236,6024.0,Combined Improvement,230.3503443297668,59.9984385768771,0.0,45.395164399583386,1.3119171617545362,51.45903647003643,0.0,15.77305569924924,231.66226149152135,172.62569514574614,404.2879566372685,2.25
237,2584.0,Combined Improvement,266.34878290664346,29.640479302386428,15.754685097195761,18.62481291114527,34.14614072064796,24.784331301914765,0.0,9.763158076464773,316.2496087244872,82.81278159191123,399.0623903163978,0.9
238,7328.0,Combined Improvement,271.98926220903013,78.8409133447041,0.0,53.88718983795871,0.0,63.48785789081258,0.0,19.525223143549866,271.98926220903013,215.74118421702525,487.73044642605964,3.1
239,4208.0,Combined Improvement,326.8301755537359,42.972630851789006,10.91455898616914,30.069438502928364,33.41841938788639,35.91742190742763,0.0,12.305005648488565,371.1631539277914,121.26449691063357,492.4276508384246,1.6
240,2128.0,Combined Improvement,345.8028064055252,22.568623791977195,18.41537369712023,14.364107424543556,54.97173387077055,20.954007110181784,0.0,9.273558720339231,419.18991397341597,67.16029704704177,486.35021102045357,0.8
241,6448.0,Combined Improvement,344.37143019750147,65.69707198810589,0.0,42.04213210256964,0.9660180119390134,54.8637471951132,0.0,18.22617135457216,345.3374482094405,180.82912264036088,526.1665708497967,2.5
242,3568.0,Combined Improvement,386.06850218560794,34.273607786953725,7.76852431561565,24.302395062326617,31.527370144722227,31.664792620182467,0.0,11.280617749200205,425.3643966459458,101.52141321866301,526.8858098646087,1.2
243,5008.0,Combined Improvement,396.34210997256014,57.1288033571829,0.0,32.987950441945806,5.146328343722416,40.96333385518651,0.0,13.616010500523963,401.48843831628255,144.69609815483918,546.1845364711226,1.8
244,2928.0,Combined Improvement,429.4709133297438,30.343372236839386,2.644578205105063,21.766224820490873,24.343437378418457,27.558298290483965,0.0,11.2989455330899,456.4589289132673,90.96684088090413,547.4257697941721,1.05
245,6848.0,Combined Improvement,435.81428556658284,71.9730068798281,0.0,48.54976785132451,0.0,63.70989185638973,0.0,16.24631142807783,435.81428556658284,200.47897801562019,636.2932635821999,2.75
246,3968.0,Combined Improvement,483.78729244641,37.788947500066755,10.76082035125728,27.841877510572882,35.868014345818665,36.78758066327109,0.0,12.626659352272135,530.4161271434859,115.04506502618287,645.4611921696669,1.4
247,1912.0,Combined Improvement,497.57623994647656,19.282347387470114,19.320350474357838,12.980106245068473,59.67548876402361,19.07811757430846,0.0,8.32769520503638,576.572079184858,59.66826641188342,636.2403455967396,0.7
248,7064.0,Combined Improvement,492.85858733394707,75.70287528800846,0.0,52.51414236633041,0.0,66.43976063410618,0.0,16.952317241260452,492.85858733394707,211.60909552970548,704.4676828636475,2.85
249,4848.0,Combined Improvement,544.561462621954,47.849735335493676,4.664407030835719,34.12475084372386,32.31500979038174,42.53590668221409,0.0,12.397304188514456,581.5408794431714,136.90769704994608,718.448576493116,1.75
250,3408.0,Combined Improvement,568.4111979574482,35.768112261376345,3.0210456131826504,22.205117196368754,52.64579927622617,31.509146978894037,0.0,9.845118632626951,624.078042846857,99.32749506926608,723.4055379161218,1.15
251,6048.0,Combined Improvement,0.0,60.21432688304148,0.0,41.62697868832526,0.0,58.552660174534324,0.0,16.449186447146516,0.0,176.84315219304762,176.84315219304335,2.25
252,2608.0,Combined Improvement,36.214326883040485,27.01148527521498,14.615493413108197,18.585876733159314,39.96678344137399,21.61278670920756,0.0,9.027537445065864,90.79660373752267,76.2376861626477,167.03428990016982,0.9
253,7352.0,Combined Improvement,39.2258121582563,78.16582910710109,0.0,54.39860022090603,0.0,66.45285048064498,0.0,19.238945211150185,39.2258121582563,218.25622501980232,257.4820371780552,3.1
254,4232.0,Combined Improvement,93.39164126535616,42.067341211308644,12.33125900959567,29.995032823821756,36.457817656821135,35.80513639009698,0.0,12.299085386320389,142.18071793177296,120.16659581154777,262.34731374332114,1.6
255,2152.0,Combined Improvement,111.45898247666628,21.866683444053294,20.459608389366622,15.509404377977829,56.75354966893792,19.022946638853746,0.0,8.18492039529349,188.67214053497082,64.58395485617837,253.25609539115248,0.8
256,6472.0,Combined Improvement,109.32566592071817,70.90553483138368,0.0,43.21527135129696,0.0,51.18109195496998,0.0,17.260746815107268,109.32566592071817,182.5626449527579,291.8883108734808,2.5
257,3592.0,Combined Improvement,156.23120075210318,34.57860533471597,8.636666016584059,25.523312392774145,25.657779562196083,29.760037421507487,0.0,12.531586045027332,190.52564633088332,102.39354119402492,292.9191875249089,1.25
258,5032.0,Combined Improvement,166.80980608681784,54.92336669287271,0.0,33.52287134133482,1.1315573588544794,47.27897547003338,0.0,14.73424018790655,167.94136344567232,150.45945369214746,318.4008171378191,1.85
259,2952.0,Combined Improvement,197.7331727796918,31.784509212663888,1.7383621286717243,21.462883482619358,26.94764934626801,25.285614660707463,0.0,10.798648677800879,226.41918425463155,89.33165603379159,315.75084028841957,1.05
260,6872.0,Combined Improvement,205.51768199235448,72.58372655662599,0.0,48.72765471783455,0.0,65.59448445288022,0.0,19.149759930568248,205.51768199235448,206.05562565790902,411.573307650262,2.75
261,3992.0,Combined Improvement,254.10140854898054,44.78318583574894,3.9444688820840383,28.08462147933774,37.509862973540294,34.78961484701381,0.0,9.934931770670744,295.5557404046049,117.59235393277123,413.14809433737537,1.45
262,1936.0,Combined Improvement,274.88459438473,17.00996123270951,15.019129128711938,11.705819834239676,60.59365798631552,17.361094816892514,0.0,7.853269072976196,350.49738149975747,53.9301449568179,404.42752645657674,0.7
263,7088.0,Combined Improvement,267.89455561744035,61.73731267931932,0.0,40.817829950284306,2.1245591365550354,58.617148995113546,0.0,15.203683724747444,270.0191147539954,176.3759753494646,446.39509010345864,2.3
264,4872.0,Combined Improvement,305.63186829676124,34.76133460941403,6.056495340868423,20.521712700146466,40.219995431521966,27.139749793449965,0.0,10.123684356721938,351.90835906915163,92.54648145973239,444.4548405288806,1.15
265,3432.0,Combined Improvement,316.39320290617616,78.00033907551841,0.0,55.06950874223203,0.0,69.15456994150092,0.0,19.27936933562438,316.39320290617616,221.50378709487575,537.8969900010525,3.25
266,6072.0,Combined Improvement,370.3935419816953,23.84813724644431,31.221371495787025,15.68370904180565,53.47086089969525,20.257090617171027,0.0,8.021130170060305,455.0857743771776,67.81006707548129,522.8958414526605,0.85
267,2632.0,Combined Improvement,370.24167922814013,60.19953299668572,0.0,36.36409054147375,24.069408516301337,48.77324412868259,0.0,14.363107428896207,394.31108774444147,159.69997509573827,554.011062840178,1.95
268,7376.0,Combined Improvement,406.441212224825,40.541068819232905,0.0,26.106471329968713,42.55920303725725,34.05644104661656,0.0,12.688111200019323,449.00041526208224,113.39209239583751,562.392507657918,1.35
269,4256.0,Combined Improvement,422.98228104405644,74.4212450651737,0.0,46.457459925655606,0.0,56.12553401641211,0.0,16.494829582716857,422.98228104405644,193.49906858995826,616.4813496340139,2.65
270,2176.0,Combined Improvement,473.40352610922855,17.543713082756224,28.913746842899855,12.864269774709522,43.26126424170434,16.55368741277033,0.0,8.05154613087612,545.5785371938327,55.013216401112196,600.5917535949447,0.65
271,6496.0,Combined Improvement,466.9472391919844,57.31137944875975,0.0,39.500390904795786,4.781197918531689,50.49092931339234,0.0,14.123708564535363,471.7284371105161,161.42640823148326,633.154845342,2.05
272,3616.0,Combined Improvement,500.2586186407425,29.823565083020096,9.6768258217744,18.410005251233493,36.86212198069188,25.44525125584621,0.0,9.53081060748578,546.7975664432088,83.20963219758558,630.0071986407929,0.95
273,5056.0,Combined Improvement,506.0821837237636,70.99593771978805,0.0,51.521966233434966,0.0,64.04516041315075,0.0,17.88426231164997,506.0821837237636,204.44732667802373,710.5295104017896,3.05
274,2976.0,Combined Improvement,553.0781214435519,41.992729242156884,9.529236991278594,30.270641193263142,33.774519219889044,39.22067246258406,0.0,12.700994848779683,596.3818776547196,124.18503774678378,720.5669154015013,1.6
275,6896.0,Combined Improvement,571.0708506857081,23.468883377675134,16.33099480686724,14.035264626548381,58.95992705592289,18.076246723184035,0.0,8.755075536628729,646.3617725484983,64.33547026403627,710.6972428125337,0.8
276,4016.0,Combined Improvement,0.0,71.16290580647103,0.0,42.80770714667978,0.0,52.9813723727097,0.0,17.054397235548688,0.0,184.0063825614092,184.00638256140883,2.5
277,1856.0,Combined Improvement,47.16290580647183,34.429364273346145,8.378342873333168,24.544012397261028,28.43735997544718,33.87829782756267,0.0,10.731828328449025,83.97860865525217,103.58350282661887,187.5621114818714,1.2
278,6176.0,Combined Improvement,57.59227007981826,52.072361504919016,0.0,34.05257153109805,9.113080037590407,47.713420338200045,0.0,13.036949021581421,66.70535011740867,146.87530239579854,213.5806525132066,1.8
279,3296.0,Combined Improvement,85.66463158473562,29.422820999353423,4.6297505317452305,20.256441734659703,36.57005864113307,29.169371237689905,0.0,10.948889443964404,126.86444075761392,89.79752341566743,216.66196417327956,1.05
280,7536.0,Combined Improvement,91.08745258408817,68.62877422849202,0.0,46.07349763379543,0.0,65.46243956463788,0.0,17.99401585816088,91.08745258408817,198.1587272850862,289.2461798691729,2.75
281,2336.0,Combined Improvement,135.7162268125794,43.946067567108855,2.127430066688248,29.27953168097163,36.18290788366721,35.42700331183133,0.0,11.218763216311242,174.02656476293487,119.87136577622306,293.8979305391549,1.4
282,5216.0,Combined Improvement,155.6622943796865,18.055679811247575,13.351281936411397,13.686211741612258,57.92369945388418,16.376470077696492,0.0,7.927219868431355,226.93727576998208,56.04558149898768,282.9828572689694,0.7
283,3856.0,Combined Improvement,149.7179741909349,68.92286182842962,0.0,50.36794682127666,0.0,61.547486956979085,0.0,19.52569507089399,149.7179741909349,200.36399067757935,350.08196486851375,2.85
284,6656.0,Combined Improvement,194.64083601936363,48.89776921671531,1.4701776045621955,33.72713572590837,27.82035123107198,41.59280558574499,0.0,13.360825634743433,223.9313648549978,137.57853616311212,361.5099010181075,1.7
285,1776.0,Combined Improvement,219.53860523607727,35.938806764744236,0.0,25.09559910557284,43.57606427696737,33.72353696388454,0.0,9.875074313558075,263.11466951304465,104.63301714775969,367.7476866608049,1.15
286,5656.0,Combined Improvement,231.47741200082237,64.40811658287423,0.0,42.00858311248235,0.0,53.83860342745765,0.0,15.517085545767564,231.47741200082237,175.7723886685818,407.2498006694077,2.2
287,2736.0,Combined Improvement,271.88552858369803,24.314778610500962,17.693804501981504,16.72842545297699,37.11017797448221,22.225745679403225,0.0,9.765944764922194,326.68951106016175,73.03489450780337,399.72440556796573,0.9
288,7296.0,Combined Improvement,272.2003071941981,78.5052356595551,0.0,52.46860654853249,0.0,67.17322267519353,0.0,19.113104952306653,272.2003071941981,217.2601698355878,489.46047702978467,3.05
289,4176.0,Combined Improvement,326.7055428537533,43.96645549026612,8.502151058266463,29.961113301047746,37.21210937414435,42.36768540199803,0.0,12.136268422109609,372.4198032861641,128.4315226154215,500.85132590158537,1.6
290,2096.0,Combined Improvement,346.6719983440198,21.799142153919746,16.66412220539496,13.80083171221706,65.77896306392358,20.337673001980512,0.0,9.710918151232605,429.11508361333836,65.64856501934992,494.7636486326883,0.8
291,6416.0,Combined Improvement,344.4711404979389,62.526212802414115,0.0,47.492724246585645,6.562652934517246,56.41294861407911,0.0,17.068316593606127,351.03379343245615,183.500202256685,534.5339956891403,2.5
292,3536.0,Combined Improvement,382.997353300354,38.83576476357953,8.656959483007086,25.680595377717733,37.29500617087615,33.46263569145303,0.0,10.18399863927511,428.94931895423724,108.16299447202542,537.1123134262598,1.2
293,4976.0,Combined Improvement,397.8331180639325,52.62391520356144,0.0,36.523550736149666,15.947730783340376,47.639885429336964,0.0,13.976937361273421,413.78084884727286,150.7642887303215,564.5451375775956,1.8
294,2896.0,Combined Improvement,426.4570332674957,31.790202837342726,4.733347898807551,20.01462041331745,43.5729957993608,24.576301982399375,0.0,10.22305092213243,474.76337696566407,86.60417615519198,561.3675531208573,1.05
295,6816.0,Combined Improvement,434.2472361048385,73.68490126717907,0.0,50.067054986029156,0.0,59.85294450629879,0.0,17.780459683895828,434.2472361048385,201.38536044340285,635.6325965482392,2.75
296,3936.0,Combined Improvement,483.93213737201586,40.37872357250531,9.688331413522974,26.560120895259082,33.29282361104197,36.60923593810697,0.0,12.56735032482882,526.9132923965808,116.11543073070018,643.0287231272814,1.4
297,1880.0,Combined Improvement,500.3108609445226,19.146380841329986,17.102071467452333,14.287027927140555,55.615031622008246,16.825692433828646,0.0,8.119169311306122,573.0279640339832,58.378270513605315,631.4062345475868,0.7
298,7032.0,Combined Improvement,495.4572417858508,73.2899026370877,0.0,49.82842335443232,0.0,61.90421599753138,0.0,19.5121393421036,495.4572417858508,204.534681331155,699.9919231170061,2.85
299,4816.0,Combined Improvement,544.7471444229377,50.1598090614047,0.0,32.62084911601533,28.951981174544926,41.720739782681065,0.0,14.958242902957437,573.6991255974826,139.45964086305855,713.1587664605431,1.75
300,3376.0,Combined Improvement,570.9069534843438,35.705340269683205,0.0,23.550138646034952,44.03809115752301,32.80176084768634,0.0,10.595494921560707,614.9450446418668,102.6527346849652,717.5977793268321,1.15
301,6016.0,Combined Improvement,0.0,60.52253049456991,0.0,38.59952176809001,0.0,52.81756637170844,0.0,15.638833638935735,0.0,167.57845227330407,167.57845227330472,2.25
302,2576.0,Combined Improvement,36.522530494570674,27.91256433849484,10.686957429596077,18.301223736077873,34.51634263563028,24.35746256557552,0.0,9.610508061128147,81.72583055979703,80.18175870127638,161.90758926107083,0.9
303,7320.0,Combined Improvement,40.435094833064795,80.10119848468521,0.0,49.849402189888906,0.0,71.17197949165707,0.0,18.41301602972712,40.435094833064795,219.53559619595828,259.9706910290224,3.1
304,4200.0,Combined Improvement,96.53629331774937,46.42613893023132,3.4232632596576877,31.27848765711333,39.893491834543966,37.50926929856677,0.0,13.27929298670594,139.85304841195102,128.49318887261737,268.3462372845679,1.6
305,2120.0,Combined Improvement,118.96243224797945,22.991497036922265,11.710253879849915,14.902350752640888,62.500410380471294,19.10701897470783,0.0,8.925271996115772,193.17309650830066,65.92613876038675,259.0992352686844,0.8
306,6440.0,Combined Improvement,117.95392928490037,61.93682647978943,0.0,47.45775316964222,0.0,58.40997976711336,0.0,16.889234872628755,117.95392928490037,184.69379428917375,302.6477235740749,2.5
307,3560.0,Combined Improvement,155.89075576468895,38.83654944555816,8.621203724083898,27.286024789447534,31.1239549776692,36.155503248614515,0.0,11.25642703085998,195.63591446644205,113.5345045144802,309.17041898092066,1.2
308,5000.0,Combined Improvement,170.7273052102464,52.46615572135658,0.0,33.38697622598505,17.33355479247257,46.23668530159237,0.0,13.816364891565826,188.06086000271898,145.90618214049982,333.96704214321653,1.8
309,2920.0,Combined Improvement,199.1934609316013,29.842776345427293,3.5441998805581534,20.911225855081263,42.65901423898322,25.9379763557741,0.0,10.085788196266115,245.39667505114267,86.77776675254876,332.17444180369057,1.05
310,6840.0,Combined Improvement,205.0362372770287,63.890541032709045,0.0,44.95536704978396,0.0,64.46628326608517,0.0,16.157497525312426,205.0362372770287,189.4696888738906,394.5059261509232,2.75
311,3960.0,Combined Improvement,244.92677830973844,41.16407347105236,3.791293578731711,25.287012441972507,39.17927082411552,32.88416383390952,0.0,11.254297439359068,287.89734271258567,110.58954718629344,398.48688989887887,1.4
312,1904.0,Combined Improvement,262.0908517807911,19.502579045382657,9.575726975319412,13.772919215821313,58.290515442204196,16.542731367847427,0.0,7.524941869568351,329.95709419831473,57.34317149861975,387.30026569693655,0.7
313,7056.0,Combined Improvement,257.5934308261749,71.28277426960867,0.0,50.35634397865736,0.0,62.09829582838674,0.0,17.174539151389464,257.5934308261749,200.91195322804222,458.50538405421685,2.85
314,4840.0,Combined Improvement,304.8762050957848,56.6726043811511,0.0,32.1231323056386,23.658903120252944,40.14778141448096,0.0,13.645087673745437,328.53510821603777,142.5886057750161,471.1237139910554,1.75
315,3400.0,Combined Improvement,337.5488094769353,31.32792844624033,0.7952038593975885,23.753684841149177,40.05299969358384,29.63543748089167,0.0,9.957260469404611,378.3970130299167,94.67431123768579,473.0713242676029,1.15
316,6040.0,Combined Improvement,344.8767379231758,62.26610108114459,0.0,42.57335516818834,0.0,51.45337799344808,0.0,16.09335320955607,344.8767379231758,172.38618745233708,517.2629253755113,2.25
317,2600.0,Combined Improvement,383.142839004322,26.74557097064225,15.827784197546862,17.489437246614795,33.96394074683121,24.847361979614533,0.0,9.684290460419405,432.9345639487001,78.76666065729098,511.7012246059894,0.9
318,7344.0,Combined Improvement,385.888409974963,76.46096879444654,0.0,49.20400046328632,0.0,67.61217586579882,0.0,21.458947834843446,385.888409974963,214.73609295837514,600.6245029333368,3.1
319,4224.0,Combined Improvement,438.34937876940967,42.36819329892643,6.835807164359721,30.203904832260726,37.40827103353513,37.190147969545535,0.0,13.494036232940388,482.5934569673045,123.25628233367307,605.8497393009784,1.6
320,2144.0,Combined Improvement,456.7175720683372,21.711050176370055,15.328661820251,14.159349740971804,60.439069262109115,19.565336126222594,0.0,8.360593519901874,532.4853031506973,63.79632956346632,596.2816327141627,0.8
321,6464.0,Combined Improvement,454.4286222447081,66.16037031318889,0.0,47.72744592937781,0.0,58.93420147156335,0.0,16.64486741930611,454.4286222447081,189.46688513343616,643.8955073781399,2.5
322,3584.0,Combined Improvement,496.58899255789584,37.968153559797024,9.75929236958109,28.615957521339894,30.318243950223405,32.76127583993178,0.0,10.859547910060282,536.6665288777003,110.20493483112898,646.8714637088233,1.25
323,5024.0,Combined Improvement,510.55714611769145,49.543649091529915,0.0,37.84992644872343,14.06119414082059,46.198083642697945,0.0,14.917670502567468,524.618340258512,148.50932968551876,673.1276699440314,1.85
324,2944.0,Combined Improvement,536.1007952092223,31.097816172505304,6.7521102762148075,21.20848979632201,39.05078798719842,26.95275040665699,0.0,10.283124681585733,581.9036934726355,89.54218105707004,671.4458745297052,1.05
325,6864.0,Combined Improvement,543.1986113817293,74.72719394418041,0.0,45.410181752963766,0.0,61.0423009873717,0.0,19.648797718818816,543.1986113817293,200.8284744033347,744.0270857850628,2.75
326,3984.0,Combined Improvement,0.0,39.42561794271763,0.0,27.86823695576936,0.0,34.195102312799094,0.0,12.454695772628689,0.0,113.94365298391477,113.9436529839113,1.45
327,1928.0,Combined Improvement,15.425617942717508,19.125375234739426,8.74286172102802,12.883513845752468,21.31158846704784,17.57648267747801,0.0,8.191647502165322,45.48006813079337,57.77701926013523,103.25708739092806,0.7
328,7080.0,Combined Improvement,10.550993177457713,63.989277118539306,0.0,40.14441430613493,0.0,56.374494105765635,0.0,16.79103337854006,10.550993177457713,177.2992189089799,187.85021208643957,2.3
329,4864.0,Combined Improvement,50.5402702959982,33.9005441084086,6.24387019772621,23.161022536285245,33.213471569481044,30.822336291517914,0.0,10.810209318199798,89.99761206320545,98.69411225441156,188.69172431761763,1.15
330,3424.0,Combined Improvement,60.44081440440641,86.03913036322962,0.0,50.50433830791809,0.0,65.54885732180936,0.0,19.894216159827028,60.44081440440641,221.9865421527841,282.427356557193,3.25
331,6064.0,Combined Improvement,122.47994476763779,23.094746337084157,27.4095919708343,16.67907361762606,48.86978370418365,22.657884769514038,0.0,9.259121992956286,198.75932044265573,71.69082671718054,270.45014715983416,0.85
332,2624.0,Combined Improvement,121.57469110472084,55.47222329044513,0.0,37.83543235579087,22.30867841592044,49.70203572401409,0.0,15.07189652661816,143.88336952064128,158.08158789686826,301.96495741750914,1.95
333,7368.0,Combined Improvement,153.04691439516682,39.036065620770614,0.0,27.60564815797023,43.20443271698605,31.81402108364752,0.0,11.839935567382412,196.25134711215287,110.29567042977077,306.5470175419214,1.35
334,4248.0,Combined Improvement,168.0829800159372,68.60979418909415,0.0,47.434471865791465,0.0,63.401257851267246,0.0,16.48071441539477,168.0829800159372,195.92623832154763,364.00921833748725,2.65
335,2168.0,Combined Improvement,212.69277420503204,17.05915333237222,30.375318533420796,11.949016674582946,51.452241176684765,15.51915013229176,0.9615642831049627,7.496168507881318,295.48189819824256,52.02348864712825,347.5053868453688,0.65
336,6488.0,Combined Improvement,205.7519275374034,58.5602054068972,0.0,40.708316466024804,10.027204644055018,52.256569659264464,0.0,14.31604126694988,215.7791321814584,165.84113279913635,381.6202649805964,2.05
337,3608.0,Combined Improvement,240.312132944302,28.037932928968008,12.670383537057205,18.811597587037422,43.472176716280956,23.54844062341023,0.0,10.514686958209374,296.45469319764015,80.91265809762504,377.3673512952664,0.95
338,5048.0,Combined Improvement,244.35006587327007,76.87034733711614,0.0,53.64372677814564,0.0,66.84401540914718,0.0,20.272521340114622,244.35006587327007,217.6306108645236,461.98067673779224,3.05
339,2968.0,Combined Improvement,297.22041321038705,42.21141451710144,11.43231226104399,30.194827840428974,36.649187568717025,33.03711386253768,0.0,13.290667827064812,345.30191304014807,118.7340240471329,464.03593708728295,1.6
340,6888.0,Combined Improvement,315.43182772748696,24.611857779132087,17.01528232234341,14.625695664285045,55.060605766968365,19.601559104124956,0.0,9.479560140845846,387.50771581679874,68.31867268838793,455.8263885051856,0.8
341,4008.0,Combined Improvement,316.0436855066182,60.795763709416065,0.0,48.071232097677125,0.0,56.23631319882736,0.0,16.2909886440032,316.0436855066182,181.39429764992374,497.43798315654203,2.5
342,1848.0,Combined Improvement,352.83944921603324,36.734300698978146,11.336931398698653,25.80345252983004,30.432860668996,30.430796390265012,0.0,11.811334959519199,394.6092412837279,104.7798845785924,499.38912586232254,1.2
343,6168.0,Combined Improvement,365.57374991501274,47.07300404735863,0.0,37.36852132532448,13.562515615110897,43.70233871531278,0.0,12.880190054272646,379.13626553012364,141.02405414226854,520.1603196723881,1.8
344,3288.0,Combined Improvement,388.64675396237,27.918812024466764,9.449709300857648,19.27006209461466,37.994792235807836,29.242469757789305,0.0,9.962832689767941,436.09125549903547,86.39417656663866,522.4854320656741,1.05
345,7528.0,Combined Improvement,392.5655659868353,63.92928170963734,0.0,46.71874226047589,0.0,64.10074642656497,0.0,17.45268685682715,392.5655659868353,192.20145725350534,584.7670232403398,2.75
346,2328.0,Combined Improvement,432.49484769647097,39.82652868402181,6.892213576455106,26.403196132507407,37.69755029405496,35.120608503875886,0.0,12.783487645686108,477.08461156698104,114.1338209660912,591.2184325330745,1.4
347,5208.0,Combined Improvement,448.32137638049244,18.046277303377497,15.24913240558817,12.310636226116651,60.50752257181375,16.29859012944095,0.0,7.112005278984089,524.0780313578944,53.76750893791919,577.8455402958134,0.7
348,3848.0,Combined Improvement,442.3676536838684,74.97183246576161,0.0,47.484148229682255,0.0,61.71470276771377,0.0,18.964011813707323,442.3676536838684,203.13469527686493,645.5023489607338,2.85
349,6648.0,Combined Improvement,493.33948614963083,50.26299136858673,0.0,29.982603618142175,28.953256010667246,44.96157205543859,0.0,12.915744232649994,522.2927421602981,138.12291127481748,660.4156534351168,1.7
350,1768.0,Combined Improvement,519.6024775182159,36.27758454784969,0.0,23.204755672673286,44.41509146372846,29.641740951712837,0.0,11.13126287855172,564.0175689819444,100.25534405078754,664.2729130327316,1.15
